sic_key,naics6,naics2,naics3,naics4
1011,212210,21,212,2122
1021,212234,21,212,2122
1031,212231,21,212,2122
1041,212221,21,212,2122
1044,212222,21,212,2122
1061,212234,21,212,2122
1061,212299,21,212,2122
1081,213114,21,213,2131
1081,238910,23,238,2389
1081,541360,54,541,5413
1094,212291,21,212,2122
1099,212299,21,212,2122
111,111140,11,111,1111
112,111160,11,111,1111
115,111150,11,111,1111
116,111110,11,111,1111
119,111120,11,111,1111
119,111130,11,111,1111
119,111150,11,111,1111
119,111191,11,111,1111
119,111199,11,111,1111
1221,212111,21,212,2121
1222,212112,21,212,2121
1231,212113,21,212,2121
1241,213113,21,213,2131
1241,238910,23,238,2389
131,111920,11,111,1119
1311,211111,21,211,2111
132,111910,11,111,1119
1321,211112,21,211,2111
133,111930,11,111,1119
133,111991,11,111,1119
134,111211,11,111,1112
1381,213111,21,213,2131
1382,213112,21,213,2131
1382,541360,54,541,5413
1389,213112,21,213,2131
1389,237120,23,237,2371
1389,238910,23,238,2389
139,111199,11,111,1111
139,111219,11,111,1112
139,111940,11,111,1119
139,111992,11,111,1119
139,111998,11,111,1119
1411,212311,21,212,2123
1422,212312,21,212,2123
1423,212313,21,212,2123
1429,212319,21,212,2123
1442,212321,21,212,2123
1446,212322,21,212,2123
1455,212324,21,212,2123
1459,212325,21,212,2123
1474,212391,21,212,2123
1475,212392,21,212,2123
1479,212393,21,212,2123
1481,213115,21,213,2131
1481,238910,23,238,2389
1481,541360,54,541,5413
1499,212319,21,212,2123
1499,212399,21,212,2123
1521,236115,23,236,2361
1521,236118,23,236,2361
1522,236116,23,236,2361
1522,236118,23,236,2361
1522,236220,23,236,2362
1531,236117,23,236,2361
1531,236118,23,236,2361
1531,236210,23,236,2362
1531,236220,23,236,2362
1541,236210,23,236,2362
1541,236220,23,236,2362
1542,236220,23,236,2362
161,111219,11,111,1112
1611,237310,23,237,2373
1622,237310,23,237,2373
1622,237990,23,237,2379
1623,237110,23,237,2371
1623,237120,23,237,2371
1623,237130,23,237,2371
1629,236210,23,236,2362
1629,237110,23,237,2371
1629,237120,23,237,2371
1629,237130,23,237,2371
1629,237990,23,237,2379
1629,238910,23,238,2389
171,111333,11,111,1113
171,111334,11,111,1113
1711,238210,23,238,2382
1711,238220,23,238,2382
1711,238910,23,238,2389
172,111332,11,111,1113
1721,237310,23,237,2373
1721,238320,23,238,2383
173,111335,11,111,1113
1731,238210,23,238,2382
174,111310,11,111,1113
174,111320,11,111,1113
1741,238140,23,238,2381
1742,238310,23,238,2383
1743,238310,23,238,2383
1743,238340,23,238,2383
175,111331,11,111,1113
175,111339,11,111,1113
1751,238130,23,238,2381
1751,238350,23,238,2383
1752,238330,23,238,2383
1761,238160,23,238,2381
1761,238170,23,238,2381
1761,238390,23,238,2383
1771,238110,23,238,2381
1771,238140,23,238,2381
1771,238990,23,238,2389
1781,237110,23,237,2371
179,111336,11,111,1113
179,111339,11,111,1113
1791,238120,23,238,2381
1791,238190,23,238,2381
1791,238220,23,238,2382
1793,238150,23,238,2381
1794,238910,23,238,2389
1795,238910,23,238,2389
1796,238220,23,238,2382
1796,238290,23,238,2382
1799,236220,23,236,2362
1799,237990,23,237,2379
1799,238150,23,238,2381
1799,238190,23,238,2381
1799,238290,23,238,2382
1799,238320,23,238,2383
1799,238350,23,238,2383
1799,238390,23,238,2383
1799,238910,23,238,2389
1799,238990,23,238,2389
1799,561790,56,561,5617
1799,562910,56,562,5629
181,111421,11,111,1114
181,111422,11,111,1114
182,111411,11,111,1114
182,111419,11,111,1114
191,111998,11,111,1119
2011,311611,31,311,3116
2013,311612,31,311,3116
2013,311613,31,311,3116
2015,311615,31,311,3116
2015,311999,31,311,3119
2021,311512,31,311,3115
2022,311513,31,311,3115
2023,311511,31,311,3115
2023,311514,31,311,3115
2024,311520,31,311,3115
2026,311511,31,311,3115
2026,311514,31,311,3115
2032,311422,31,311,3114
2032,311999,31,311,3119
2033,311421,31,311,3114
2034,311211,31,311,3112
2034,311423,31,311,3114
2034,311999,31,311,3119
2035,311421,31,311,3114
2035,311941,31,311,3119
2037,311411,31,311,3114
2038,311412,31,311,3114
2041,311211,31,311,3112
2043,311230,31,311,3112
2043,311920,31,311,3119
2044,311212,31,311,3112
2045,311822,31,311,3118
2046,311221,31,311,3112
2046,311225,31,311,3112
2047,311111,31,311,3111
2048,311119,31,311,3111
2048,311611,31,311,3116
2051,311812,31,311,3118
2052,311812,31,311,3118
2052,311821,31,311,3118
2052,311919,31,311,3119
2053,311813,31,311,3118
2061,311311,31,311,3113
2062,311312,31,311,3113
2063,311313,31,311,3113
2064,311330,31,311,3113
2064,311340,31,311,3113
2066,311320,31,311,3113
2066,311330,31,311,3113
2067,311340,31,311,3113
2068,311911,31,311,3119
2074,311223,31,311,3112
2074,311225,31,311,3112
2075,311222,31,311,3112
2075,311225,31,311,3112
2076,311223,31,311,3112
2076,311225,31,311,3112
2077,311613,31,311,3116
2077,311711,31,311,3117
2077,311712,31,311,3117
2079,311222,31,311,3112
2079,311223,31,311,3112
2079,311225,31,311,3112
2082,311942,31,311,3119
2082,312120,31,312,3121
2083,311213,31,311,3112
2084,312130,31,312,3121
2085,312130,31,312,3121
2085,312140,31,312,3121
2086,312111,31,312,3121
2086,312112,31,312,3121
2087,311920,31,311,3119
2087,311930,31,311,3119
2087,311942,31,311,3119
2087,311999,31,311,3119
2091,311711,31,311,3117
2092,311712,31,311,3117
2095,311920,31,311,3119
2096,311919,31,311,3119
2097,312113,31,312,3121
2098,311823,31,311,3118
2099,111998,11,111,1119
2099,311212,31,311,3112
2099,311340,31,311,3113
2099,311423,31,311,3114
2099,311823,31,311,3118
2099,311830,31,311,3118
2099,311911,31,311,3119
2099,311920,31,311,3119
2099,311941,31,311,3119
2099,311942,31,311,3119
2099,311991,31,311,3119
2099,311999,31,311,3119
211,112112,11,112,1121
2111,312221,31,312,3122
212,112111,11,112,1121
2121,312229,31,312,3122
213,112210,11,112,1122
2131,312229,31,312,3122
214,112410,11,112,1124
214,112420,11,112,1124
2141,312210,31,312,3122
2141,312229,31,312,3122
219,112990,11,112,1129
2211,313210,31,313,3132
2221,313210,31,313,3132
2231,313210,31,313,3132
2231,313311,31,313,3133
2231,313312,31,313,3133
2241,313221,31,313,3132
2251,313312,31,313,3133
2251,315111,31,315,3151
2252,313312,31,313,3133
2252,315111,31,315,3151
2252,315119,31,315,3151
2253,313312,31,313,3133
2253,315191,31,315,3151
2253,315192,31,315,3151
2254,313312,31,313,3133
2254,315192,31,315,3151
2257,313241,31,313,3132
2257,313312,31,313,3133
2258,313249,31,313,3132
2258,313312,31,313,3133
2259,313241,31,313,3132
2259,313249,31,313,3132
2259,313312,31,313,3133
2259,315191,31,315,3151
2259,315192,31,315,3151
2261,313311,31,313,3133
2262,313311,31,313,3133
2269,313311,31,313,3133
2269,313312,31,313,3133
2273,314110,31,314,3141
2281,313111,31,313,3131
2282,313112,31,313,3131
2284,313113,31,313,3131
2284,313312,31,313,3133
2295,313320,31,313,3133
2296,314992,31,314,3149
2297,313230,31,313,3132
2298,313111,31,313,3131
2298,314991,31,314,3149
2299,313111,31,313,3131
2299,313113,31,313,3131
2299,313210,31,313,3132
2299,313221,31,313,3132
2299,313230,31,313,3132
2299,313312,31,313,3133
2299,314999,31,314,3149
2311,315211,31,315,3152
2311,315222,31,315,3152
2321,315211,31,315,3152
2321,315223,31,315,3152
2322,315211,31,315,3152
2322,315221,31,315,3152
2323,315211,31,315,3152
2323,315993,31,315,3159
2325,315211,31,315,3152
2325,315224,31,315,3152
2326,315211,31,315,3152
2326,315225,31,315,3152
2329,315211,31,315,3152
2329,315228,31,315,3152
2329,315299,31,315,3152
2331,315212,31,315,3152
2331,315232,31,315,3152
2335,315212,31,315,3152
2335,315233,31,315,3152
2337,315212,31,315,3152
2337,315234,31,315,3152
2339,315212,31,315,3152
2339,315239,31,315,3152
2339,315299,31,315,3152
2339,315999,31,315,3159
2341,315211,31,315,3152
2341,315212,31,315,3152
2341,315221,31,315,3152
2341,315231,31,315,3152
2341,315291,31,315,3152
2342,315212,31,315,3152
2342,315231,31,315,3152
2353,315211,31,315,3152
2353,315212,31,315,3152
2353,315991,31,315,3159
2361,315211,31,315,3152
2361,315212,31,315,3152
2361,315223,31,315,3152
2361,315232,31,315,3152
2361,315233,31,315,3152
2361,315291,31,315,3152
2369,315211,31,315,3152
2369,315212,31,315,3152
2369,315221,31,315,3152
2369,315222,31,315,3152
2369,315224,31,315,3152
2369,315228,31,315,3152
2369,315231,31,315,3152
2369,315234,31,315,3152
2369,315239,31,315,3152
2369,315291,31,315,3152
2371,315211,31,315,3152
2371,315212,31,315,3152
2371,315292,31,315,3152
2381,315211,31,315,3152
2381,315212,31,315,3152
2381,315992,31,315,3159
2384,315211,31,315,3152
2384,315212,31,315,3152
2384,315221,31,315,3152
2384,315231,31,315,3152
2385,315211,31,315,3152
2385,315212,31,315,3152
2385,315222,31,315,3152
2385,315228,31,315,3152
2385,315234,31,315,3152
2385,315239,31,315,3152
2385,315291,31,315,3152
2385,315299,31,315,3152
2385,315999,31,315,3159
2386,315211,31,315,3152
2386,315212,31,315,3152
2386,315292,31,315,3152
2387,315211,31,315,3152
2387,315212,31,315,3152
2387,315999,31,315,3159
2389,315211,31,315,3152
2389,315212,31,315,3152
2389,315231,31,315,3152
2389,315299,31,315,3152
2389,315999,31,315,3159
2391,314121,31,314,3141
2392,314129,31,314,3141
2392,314911,31,314,3149
2392,314999,31,314,3149
2392,339994,33,339,3399
2393,314911,31,314,3149
2394,314912,31,314,3149
2395,314999,31,314,3149
2395,315211,31,315,3152
2395,315212,31,315,3152
2396,314999,31,314,3149
2396,315211,31,315,3152
2396,315212,31,315,3152
2396,315999,31,315,3159
2396,323113,32,323,3231
2396,336360,33,336,3363
2397,313222,31,313,3132
2399,314999,31,314,3149
2399,315211,31,315,3152
2399,315212,31,315,3152
2399,315999,31,315,3159
2399,336360,33,336,3363
241,112111,11,112,1121
241,112120,11,112,1121
2411,113310,11,113,1133
2421,321113,32,321,3211
2421,321912,32,321,3219
2421,321918,32,321,3219
2421,321920,32,321,3219
2421,321999,32,321,3219
2426,321113,32,321,3211
2426,321912,32,321,3219
2426,321918,32,321,3219
2426,337215,33,337,3372
2429,321113,32,321,3211
2429,321920,32,321,3219
2429,321999,32,321,3219
2431,321911,32,321,3219
2431,321918,32,321,3219
2434,337110,33,337,3371
2435,321211,32,321,3212
2436,321212,32,321,3212
2439,321213,32,321,3212
2439,321214,32,321,3212
2441,321920,32,321,3219
2448,321920,32,321,3219
2449,321920,32,321,3219
2451,321991,32,321,3219
2452,321992,32,321,3219
2491,321114,32,321,3211
2493,321219,32,321,3212
2499,321920,32,321,3219
2499,321999,32,321,3219
2499,333415,33,333,3334
2499,337125,33,337,3371
2499,339113,33,339,3391
2499,339999,33,339,3399
251,112320,11,112,1123
2511,337122,33,337,3371
2511,337215,33,337,3372
2512,337121,33,337,3371
2514,337121,33,337,3371
2514,337124,33,337,3371
2514,337215,33,337,3372
2515,337121,33,337,3371
2515,337910,33,337,3379
2517,337129,33,337,3371
2519,337125,33,337,3371
252,112310,11,112,1123
2521,337211,33,337,3372
2522,337214,33,337,3372
253,112330,11,112,1123
2531,336360,33,336,3363
2531,337127,33,337,3371
2531,339942,33,339,3399
254,112340,11,112,1123
2541,337110,33,337,3371
2541,337127,33,337,3371
2541,337212,33,337,3372
2541,337215,33,337,3372
2542,337127,33,337,3371
2542,337215,33,337,3372
259,112390,11,112,1123
2591,337920,33,337,3379
2599,337127,33,337,3371
2599,339111,33,339,3391
2611,322110,32,322,3221
2611,322121,32,322,3221
2611,322122,32,322,3221
2611,322130,32,322,3221
2621,322121,32,322,3221
2621,322122,32,322,3221
2631,322130,32,322,3221
2652,322213,32,322,3222
2653,322211,32,322,3222
2655,322214,32,322,3222
2656,322215,32,322,3222
2657,322212,32,322,3222
2671,322221,32,322,3222
2671,326112,32,326,3261
2672,322222,32,322,3222
2673,322223,32,322,3222
2673,326111,32,326,3261
2674,322224,32,322,3222
2675,322226,32,322,3222
2675,322231,32,322,3222
2675,322299,32,322,3222
2676,322291,32,322,3222
2677,322232,32,322,3222
2678,322233,32,322,3222
2679,322211,32,322,3222
2679,322222,32,322,3222
2679,322231,32,322,3222
2679,322299,32,322,3222
271,112930,11,112,1129
2711,511110,51,511,5111
2711,516110,51,516,5161
272,112920,11,112,1129
2721,511120,51,511,5111
2721,516110,51,516,5161
273,112511,11,112,1125
273,112512,11,112,1125
273,112519,11,112,1125
2731,511130,51,511,5111
2731,512230,51,512,5122
2731,516110,51,516,5161
2732,323117,32,323,3231
2741,511120,51,511,5111
2741,511130,51,511,5111
2741,511140,51,511,5111
2741,511199,51,511,5111
2741,512230,51,512,5122
2741,516110,51,516,5161
2752,323110,32,323,3231
2752,323114,32,323,3231
2754,323111,32,323,3231
2759,323112,32,323,3231
2759,323113,32,323,3231
2759,323114,32,323,3231
2759,323115,32,323,3231
2759,323119,32,323,3231
2761,323116,32,323,3231
2771,323110,32,323,3231
2771,323111,32,323,3231
2771,323112,32,323,3231
2771,323113,32,323,3231
2771,323119,32,323,3231
2771,511191,51,511,5111
2771,516110,51,516,5161
2782,323116,32,323,3231
2782,323118,32,323,3231
2789,323121,32,323,3231
279,112519,11,112,1125
279,112910,11,112,1129
279,112990,11,112,1129
2791,323122,32,323,3231
2796,323122,32,323,3231
2812,325181,32,325,3251
2813,325120,32,325,3251
2816,325131,32,325,3251
2816,325182,32,325,3251
2819,211112,21,211,2111
2819,325131,32,325,3251
2819,325188,32,325,3251
2819,325998,32,325,3259
2819,331311,33,331,3313
2821,325211,32,325,3252
2822,325212,32,325,3252
2823,325221,32,325,3252
2824,325222,32,325,3252
2833,325411,32,325,3254
2834,325412,32,325,3254
2835,325412,32,325,3254
2835,325413,32,325,3254
2836,325414,32,325,3254
2841,325611,32,325,3256
2842,325612,32,325,3256
2843,325613,32,325,3256
2844,325611,32,325,3256
2844,325620,32,325,3256
2851,325510,32,325,3255
2861,325191,32,325,3251
2865,325110,32,325,3251
2865,325132,32,325,3251
2865,325192,32,325,3251
2869,325110,32,325,3251
2869,325120,32,325,3251
2869,325188,32,325,3251
2869,325192,32,325,3251
2869,325193,32,325,3251
2869,325199,32,325,3251
2869,325998,32,325,3259
2873,325311,32,325,3253
2874,325312,32,325,3253
2875,325314,32,325,3253
2879,325320,32,325,3253
2891,325520,32,325,3255
2892,325920,32,325,3259
2893,325910,32,325,3259
2895,325182,32,325,3251
2899,311942,31,311,3119
2899,325199,32,325,3251
2899,325510,32,325,3255
2899,325998,32,325,3259
291,112990,11,112,1129
2911,324110,32,324,3241
2951,324121,32,324,3241
2952,324122,32,324,3241
2992,324191,32,324,3241
2999,324199,32,324,3241
3011,326211,32,326,3262
3021,316211,31,316,3162
3052,326220,32,326,3262
3053,339991,33,339,3399
3061,326291,32,326,3262
3069,313320,31,313,3133
3069,314911,31,314,3149
3069,315299,31,315,3152
3069,315999,31,315,3159
3069,326192,32,326,3261
3069,326299,32,326,3262
3069,339113,33,339,3391
3069,339920,33,339,3399
3069,339932,33,339,3399
3081,326113,32,326,3261
3082,326121,32,326,3261
3083,326130,32,326,3261
3084,326122,32,326,3261
3085,326160,32,326,3261
3086,326140,32,326,3261
3086,326150,32,326,3261
3087,325991,32,325,3259
3088,326191,32,326,3261
3089,326121,32,326,3261
3089,326122,32,326,3261
3089,326199,32,326,3261
3089,337215,33,337,3372
3089,339113,33,339,3391
3111,316110,31,316,3161
3131,316999,31,316,3169
3131,321999,32,321,3219
3131,339993,33,339,3399
3142,316212,31,316,3162
3143,316213,31,316,3162
3144,316214,31,316,3162
3149,316219,31,316,3162
3151,315211,31,315,3152
3151,315212,31,315,3152
3151,315992,31,315,3159
3161,316991,31,316,3169
3171,316992,31,316,3169
3172,316993,31,316,3169
3172,339914,33,339,3399
3199,316999,31,316,3169
3211,327211,32,327,3272
3221,327213,32,327,3272
3229,327212,32,327,3272
3231,327215,32,327,3272
3241,327310,32,327,3273
3251,327121,32,327,3271
3251,327331,32,327,3273
3253,327122,32,327,3271
3255,327124,32,327,3271
3259,327123,32,327,3271
3261,327111,32,327,3271
3262,327112,32,327,3271
3263,327112,32,327,3271
3264,327113,32,327,3271
3269,327112,32,327,3271
3271,327331,32,327,3273
3272,327332,32,327,3273
3272,327390,32,327,3273
3272,327999,32,327,3279
3273,327320,32,327,3273
3274,327410,32,327,3274
3275,327420,32,327,3274
3281,327991,32,327,3279
3291,327910,32,327,3279
3291,332999,33,332,3329
3292,327999,32,327,3279
3292,336340,33,336,3363
3292,336350,33,336,3363
3295,212324,21,212,2123
3295,212325,21,212,2123
3295,212393,21,212,2123
3295,212399,21,212,2123
3295,327992,32,327,3279
3296,327993,32,327,3279
3297,327125,32,327,3271
3299,327112,32,327,3271
3299,327420,32,327,3274
3299,327999,32,327,3279
3312,324199,32,324,3241
3312,331111,33,331,3311
3312,331221,33,331,3312
3313,331112,33,331,3311
3315,331222,33,331,3312
3315,332618,33,332,3326
3316,331221,33,331,3312
3317,331210,33,331,3312
3321,331511,33,331,3315
3322,331511,33,331,3315
3324,331512,33,331,3315
3325,331513,33,331,3315
3331,331411,33,331,3314
3334,331312,33,331,3313
3339,331419,33,331,3314
3341,331314,33,331,3313
3341,331423,33,331,3314
3341,331492,33,331,3314
3351,331421,33,331,3314
3353,331315,33,331,3313
3354,331316,33,331,3313
3355,331319,33,331,3313
3356,331491,33,331,3314
3357,331319,33,331,3313
3357,331422,33,331,3314
3357,331491,33,331,3314
3357,335921,33,335,3359
3357,335929,33,335,3359
3363,331521,33,331,3315
3364,331522,33,331,3315
3365,331524,33,331,3315
3366,331525,33,331,3315
3369,331528,33,331,3315
3398,332811,33,332,3328
3399,331111,33,331,3311
3399,331221,33,331,3312
3399,331314,33,331,3313
3399,331423,33,331,3314
3399,331492,33,331,3314
3399,332618,33,332,3326
3399,332813,33,332,3328
3411,332431,33,332,3324
3412,332439,33,332,3324
3421,332211,33,332,3322
3421,332212,33,332,3322
3423,332212,33,332,3322
3425,332213,33,332,3322
3429,332439,33,332,3324
3429,332510,33,332,3325
3429,332722,33,332,3327
3429,332919,33,332,3329
3429,332999,33,332,3329
3429,333923,33,333,3339
3429,334518,33,334,3345
3429,336399,33,336,3363
3429,337215,33,337,3372
3431,332998,33,332,3329
3432,332913,33,332,3329
3432,332919,33,332,3329
3432,332999,33,332,3329
3433,333414,33,333,3334
3441,332312,33,332,3323
3442,332321,33,332,3323
3443,332313,33,332,3323
3443,332410,33,332,3324
3443,332420,33,332,3324
3443,333415,33,333,3334
3444,332321,33,332,3323
3444,332322,33,332,3323
3444,332439,33,332,3324
3444,333415,33,333,3334
3446,332323,33,332,3323
3448,332311,33,332,3323
3449,332114,33,332,3321
3449,332312,33,332,3323
3449,332323,33,332,3323
3451,332721,33,332,3327
3452,332722,33,332,3327
3462,332111,33,332,3321
3463,332112,33,332,3321
3465,336370,33,336,3363
3466,332115,33,332,3321
3469,332116,33,332,3321
3469,332214,33,332,3322
3469,332439,33,332,3324
3471,332813,33,332,3328
3479,332812,33,332,3328
3479,339911,33,339,3399
3479,339912,33,339,3399
3479,339914,33,339,3399
3482,332992,33,332,3329
3483,332993,33,332,3329
3484,332994,33,332,3329
3489,332995,33,332,3329
3491,332911,33,332,3329
3492,332912,33,332,3329
3493,332611,33,332,3326
3494,332919,33,332,3329
3494,332999,33,332,3329
3495,332612,33,332,3326
3495,334518,33,334,3345
3496,332214,33,332,3322
3496,332618,33,332,3326
3496,333924,33,333,3339
3497,322225,32,322,3222
3497,332999,33,332,3329
3498,332996,33,332,3329
3499,332117,33,332,3321
3499,332439,33,332,3324
3499,332510,33,332,3325
3499,332919,33,332,3329
3499,332999,33,332,3329
3499,336360,33,336,3363
3499,337215,33,337,3372
3511,333611,33,333,3336
3519,333618,33,333,3336
3519,336399,33,336,3363
3523,332212,33,332,3322
3523,332323,33,332,3323
3523,333111,33,333,3331
3523,333922,33,333,3339
3524,332212,33,332,3322
3524,333112,33,333,3331
3531,333120,33,333,3331
3531,333923,33,333,3339
3531,336510,33,336,3365
3532,333131,33,333,3331
3533,333132,33,333,3331
3534,333921,33,333,3339
3535,333922,33,333,3339
3536,333923,33,333,3339
3537,332439,33,332,3324
3537,332999,33,332,3329
3537,333924,33,333,3339
3541,333512,33,333,3335
3542,333513,33,333,3335
3543,332997,33,332,3329
3544,333511,33,333,3335
3544,333514,33,333,3335
3545,332212,33,332,3322
3545,333515,33,333,3335
3546,333991,33,333,3339
3547,333516,33,333,3335
3548,333992,33,333,3339
3548,335311,33,335,3353
3549,333518,33,333,3335
3552,333292,33,333,3332
3553,333210,33,333,3332
3554,333291,33,333,3332
3555,333293,33,333,3332
3556,333294,33,333,3332
3559,332410,33,332,3324
3559,333111,33,333,3331
3559,333220,33,333,3332
3559,333295,33,333,3332
3559,333298,33,333,3332
3559,333319,33,333,3333
3561,333911,33,333,3339
3562,332991,33,332,3329
3563,333912,33,333,3339
3564,333411,33,333,3334
3564,333412,33,333,3334
3565,333993,33,333,3339
3566,333612,33,333,3336
3567,333994,33,333,3339
3568,333613,33,333,3336
3569,314999,31,314,3149
3569,333414,33,333,3334
3569,333999,33,333,3339
3571,334111,33,334,3341
3572,334112,33,334,3341
3575,334113,33,334,3341
3577,334119,33,334,3341
3577,334418,33,334,3344
3577,334613,33,334,3346
3578,333311,33,333,3333
3578,333313,33,333,3333
3578,334119,33,334,3341
3579,333313,33,333,3333
3579,334518,33,334,3345
3579,339942,33,339,3399
3581,333311,33,333,3333
3582,333312,33,333,3333
3585,333415,33,333,3334
3585,336391,33,336,3363
3586,333913,33,333,3339
3589,333319,33,333,3333
3592,336311,33,336,3363
3593,333995,33,333,3339
3594,333996,33,333,3339
3596,333997,33,333,3339
3599,332710,33,332,3327
3599,332813,33,332,3328
3599,332999,33,332,3329
3599,333319,33,333,3333
3599,333999,33,333,3339
3599,334519,33,334,3345
3599,336399,33,336,3363
3612,335311,33,335,3353
3613,335313,33,335,3353
3621,335312,33,335,3353
3624,335991,33,335,3359
3625,335314,33,335,3353
3629,335999,33,335,3359
3631,335221,33,335,3352
3632,335222,33,335,3352
3633,335224,33,335,3352
3634,333414,33,333,3334
3634,335211,33,335,3352
3634,339999,33,339,3399
3635,335212,33,335,3352
3639,333298,33,333,3332
3639,335212,33,335,3352
3639,335228,33,335,3352
3641,335110,33,335,3351
3643,335931,33,335,3359
3644,332212,33,332,3322
3644,335932,33,335,3359
3645,335121,33,335,3351
3646,335122,33,335,3351
3647,336321,33,336,3363
3648,335129,33,335,3351
3651,334310,33,334,3343
3652,334612,33,334,3346
3652,512220,51,512,5122
3661,334210,33,334,3342
3661,334418,33,334,3344
3663,334220,33,334,3342
3669,334290,33,334,3342
3671,334411,33,334,3344
3672,334412,33,334,3344
3674,334413,33,334,3344
3675,334414,33,334,3344
3676,334415,33,334,3344
3677,334416,33,334,3344
3678,334417,33,334,3344
3679,334220,33,334,3342
3679,334310,33,334,3343
3679,334418,33,334,3344
3679,334419,33,334,3344
3691,335911,33,335,3359
3692,335912,33,335,3359
3694,336322,33,336,3363
3695,334613,33,334,3346
3699,333319,33,333,3333
3699,333618,33,333,3336
3699,333992,33,333,3339
3699,335129,33,335,3351
3699,335999,33,335,3359
3711,336111,33,336,3361
3711,336112,33,336,3361
3711,336120,33,336,3361
3711,336211,33,336,3362
3711,336992,33,336,3369
3713,336211,33,336,3362
3714,336211,33,336,3362
3714,336312,33,336,3363
3714,336322,33,336,3363
3714,336330,33,336,3363
3714,336340,33,336,3363
3714,336350,33,336,3363
3714,336399,33,336,3363
3715,336212,33,336,3362
3716,336213,33,336,3362
3721,336411,33,336,3364
3721,541710,54,541,5417
3724,336412,33,336,3364
3724,541710,54,541,5417
3728,332912,33,332,3329
3728,336411,33,336,3364
3728,336413,33,336,3364
3728,541710,54,541,5417
3731,336611,33,336,3366
3731,488390,48,488,4883
3732,336612,33,336,3366
3732,811490,81,811,8114
3743,333911,33,333,3339
3743,336510,33,336,3365
3751,336991,33,336,3369
3761,336414,33,336,3364
3761,541710,54,541,5417
3764,336415,33,336,3364
3764,541710,54,541,5417
3769,336419,33,336,3364
3769,541710,54,541,5417
3792,336214,33,336,3362
3795,336992,33,336,3369
3799,333924,33,333,3339
3799,336214,33,336,3362
3799,336399,33,336,3363
3799,336999,33,336,3369
3812,334511,33,334,3345
3821,339111,33,339,3391
3822,334512,33,334,3345
3823,334513,33,334,3345
3824,334514,33,334,3345
3825,334514,33,334,3345
3825,334515,33,334,3345
3826,334516,33,334,3345
3827,333314,33,333,3333
3829,334514,33,334,3345
3829,334518,33,334,3345
3829,334519,33,334,3345
3829,339112,33,339,3391
3841,332994,33,332,3329
3841,339111,33,339,3391
3841,339112,33,339,3391
3842,322291,32,322,3222
3842,334510,33,334,3345
3842,339113,33,339,3391
3842,339999,33,339,3399
3843,339114,33,339,3391
3844,334517,33,334,3345
3845,334510,33,334,3345
3845,334517,33,334,3345
3851,339113,33,339,3391
3851,339115,33,339,3391
3861,325992,32,325,3259
3861,333315,33,333,3333
3873,334518,33,334,3345
3911,339911,33,339,3399
3914,332211,33,332,3322
3914,332999,33,332,3329
3914,339912,33,339,3399
3915,334518,33,334,3345
3915,339913,33,339,3399
3931,339992,33,339,3399
3942,339931,33,339,3399
3944,336991,33,336,3369
3944,339932,33,339,3399
3949,339920,33,339,3399
3951,339941,33,339,3399
3952,325998,32,325,3259
3952,337127,33,337,3371
3952,339942,33,339,3399
3953,339943,33,339,3399
3955,339944,33,339,3399
3961,339914,33,339,3399
3961,339993,33,339,3399
3965,339993,33,339,3399
3991,339994,33,339,3399
3993,323113,32,323,3231
3993,339950,33,339,3399
3995,339995,33,339,3399
3996,326192,32,326,3261
3999,316110,31,316,3161
3999,321999,32,321,3219
3999,325998,32,325,3259
3999,326199,32,326,3261
3999,332211,33,332,3322
3999,332212,33,332,3322
3999,332812,33,332,3328
3999,332999,33,332,3329
3999,333319,33,333,3333
3999,335121,33,335,3351
3999,335211,33,335,3352
3999,337127,33,337,3371
3999,339932,33,339,3399
3999,339999,33,339,3399
4011,482111,48,482,4821
4013,482112,48,482,4821
4013,488210,48,488,4882
4111,485111,48,485,4851
4111,485112,48,485,4851
4111,485113,48,485,4851
4111,485119,48,485,4851
4111,485999,48,485,4859
4119,485320,48,485,4853
4119,485410,48,485,4854
4119,485991,48,485,4859
4119,485999,48,485,4859
4119,487110,48,487,4871
4119,621910,62,621,6219
4121,485310,48,485,4853
4131,485210,48,485,4852
4141,485510,48,485,4855
4142,485510,48,485,4855
4151,485410,48,485,4854
4173,488490,48,488,4884
4212,484110,48,484,4841
4212,484210,48,484,4842
4212,484220,48,484,4842
4212,562111,56,562,5621
4212,562112,56,562,5621
4212,562119,56,562,5621
4213,484121,48,484,4841
4213,484122,48,484,4841
4213,484210,48,484,4842
4213,484230,48,484,4842
4214,484110,48,484,4841
4214,484210,48,484,4842
4214,484220,48,484,4842
4215,492110,49,492,4921
4215,492210,49,492,4922
4221,493130,49,493,4931
4222,493120,49,493,4931
4225,493110,49,493,4931
4225,531130,53,531,5311
4226,493110,49,493,4931
4226,493120,49,493,4931
4226,493190,49,493,4931
4231,488490,48,488,4884
4311,491110,49,491,4911
4412,483111,48,483,4831
4424,483113,48,483,4831
4432,483113,48,483,4831
4449,483211,48,483,4832
4481,483112,48,483,4831
4481,483114,48,483,4831
4482,483114,48,483,4831
4482,483212,48,483,4832
4489,483212,48,483,4832
4489,487210,48,487,4872
4491,488310,48,488,4883
4491,488320,48,488,4883
4492,488330,48,488,4883
4493,713930,71,713,7139
4499,483211,48,483,4832
4499,488310,48,488,4883
4499,488330,48,488,4883
4499,488390,48,488,4883
4499,532411,53,532,5324
4499,541990,54,541,5419
4512,481111,48,481,4811
4512,481112,48,481,4811
4513,492110,49,492,4921
4522,481211,48,481,4812
4522,481212,48,481,4812
4522,481219,48,481,4812
4522,487990,48,487,4879
4522,621910,62,621,6219
4581,488111,48,488,4881
4581,488119,48,488,4881
4581,488190,48,488,4881
4581,561720,56,561,5617
4581,811420,81,811,8114
4612,486110,48,486,4861
4613,486910,48,486,4869
4619,486990,48,486,4869
4724,561510,56,561,5615
4725,561520,56,561,5615
4729,488999,48,488,4889
4729,561599,56,561,5615
4731,488510,48,488,4885
4731,541614,54,541,5416
4741,488210,48,488,4882
4741,532411,53,532,5324
4783,488991,48,488,4889
4785,488390,48,488,4883
4785,488490,48,488,4884
4789,487110,48,487,4871
4789,488210,48,488,4882
4789,488999,48,488,4889
4789,722310,72,722,7223
4812,517211,51,517,5172
4812,517212,51,517,5172
4812,517310,51,517,5173
4813,517110,51,517,5171
4813,517310,51,517,5173
4822,517110,51,517,5171
4832,515111,51,515,5151
4832,515112,51,515,5151
4833,515120,51,515,5151
4841,515210,51,515,5152
4841,517510,51,517,5175
4899,485310,48,485,4853
4899,517212,51,517,5172
4899,517410,51,517,5174
4899,517910,51,517,5179
4899,812990,81,812,8129
4911,221111,22,221,2211
4911,221112,22,221,2211
4911,221113,22,221,2211
4911,221119,22,221,2211
4911,221121,22,221,2211
4911,221122,22,221,2211
4922,486210,48,486,4862
4923,221210,22,221,2212
4923,486210,48,486,4862
4924,221210,22,221,2212
4925,221210,22,221,2212
4931,221111,22,221,2211
4931,221112,22,221,2211
4931,221113,22,221,2211
4931,221119,22,221,2211
4931,221121,22,221,2211
4931,221122,22,221,2211
4931,221210,22,221,2212
4932,221210,22,221,2212
4939,221111,22,221,2211
4939,221112,22,221,2211
4939,221113,22,221,2211
4939,221119,22,221,2211
4939,221121,22,221,2211
4939,221122,22,221,2211
4939,221210,22,221,2212
4941,221310,22,221,2213
4952,221320,22,221,2213
4953,562211,56,562,5622
4953,562212,56,562,5622
4953,562213,56,562,5622
4953,562219,56,562,5622
4953,562920,56,562,5629
4959,488119,48,488,4881
4959,488490,48,488,4884
4959,561710,56,561,5617
4959,561790,56,561,5617
4959,562910,56,562,5629
4959,562998,56,562,5629
4961,221330,22,221,2213
4971,221310,22,221,2213
5012,423110,42,423,4231
5012,425110,42,425,4251
5012,425120,42,425,4251
5013,423120,42,423,4231
5013,425110,42,425,4251
5013,425120,42,425,4251
5013,441310,44,441,4413
5014,423130,42,423,4231
5014,425110,42,425,4251
5014,425120,42,425,4251
5014,441320,44,441,4413
5015,423140,42,423,4231
5015,425110,42,425,4251
5015,425120,42,425,4251
5015,441310,44,441,4413
5021,423210,42,423,4232
5021,425110,42,425,4251
5021,425120,42,425,4251
5021,442110,44,442,4421
5023,423220,42,423,4232
5023,425110,42,425,4251
5023,425120,42,425,4251
5023,442210,44,442,4422
5031,423310,42,423,4233
5031,425110,42,425,4251
5031,425120,42,425,4251
5031,444110,44,444,4441
5032,423320,42,423,4233
5032,425110,42,425,4251
5032,425120,42,425,4251
5032,444190,44,444,4441
5033,423330,42,423,4233
5033,425110,42,425,4251
5033,425120,42,425,4251
5033,444190,44,444,4441
5039,423310,42,423,4233
5039,423390,42,423,4233
5039,425110,42,425,4251
5039,425120,42,425,4251
5039,444190,44,444,4441
5043,423410,42,423,4234
5043,425110,42,425,4251
5043,425120,42,425,4251
5044,423420,42,423,4234
5044,425110,42,425,4251
5044,425120,42,425,4251
5044,453210,45,453,4532
5045,423430,42,423,4234
5045,425110,42,425,4251
5045,425120,42,425,4251
5045,443120,44,443,4431
5046,423440,42,423,4234
5046,425110,42,425,4251
5046,425120,42,425,4251
5047,423450,42,423,4234
5047,425110,42,425,4251
5047,425120,42,425,4251
5047,446199,44,446,4461
5048,423460,42,423,4234
5048,425110,42,425,4251
5048,425120,42,425,4251
5049,423490,42,423,4234
5049,425110,42,425,4251
5049,425120,42,425,4251
5049,453210,45,453,4532
5051,423510,42,423,4235
5051,425110,42,425,4251
5051,425120,42,425,4251
5052,423520,42,423,4235
5052,425110,42,425,4251
5052,425120,42,425,4251
5063,423610,42,423,4236
5063,425110,42,425,4251
5063,425120,42,425,4251
5063,444190,44,444,4441
5064,423620,42,423,4236
5064,425110,42,425,4251
5064,425120,42,425,4251
5064,443111,44,443,4431
5064,443112,44,443,4431
5064,444190,44,444,4441
5065,423690,42,423,4236
5065,425110,42,425,4251
5065,425120,42,425,4251
5065,443112,44,443,4431
5065,443120,44,443,4431
5072,423710,42,423,4237
5072,425110,42,425,4251
5072,425120,42,425,4251
5072,444130,44,444,4441
5074,423720,42,423,4237
5074,425110,42,425,4251
5074,425120,42,425,4251
5074,444190,44,444,4441
5075,423730,42,423,4237
5075,425110,42,425,4251
5075,425120,42,425,4251
5078,423740,42,423,4237
5078,425110,42,425,4251
5078,425120,42,425,4251
5082,423810,42,423,4238
5082,425110,42,425,4251
5082,425120,42,425,4251
5083,423820,42,423,4238
5083,425110,42,425,4251
5083,425120,42,425,4251
5083,444210,44,444,4442
5084,423830,42,423,4238
5084,425110,42,425,4251
5084,425120,42,425,4251
5085,423830,42,423,4238
5085,423840,42,423,4238
5085,425110,42,425,4251
5085,425120,42,425,4251
5085,453998,45,453,4539
5087,423850,42,423,4238
5087,425110,42,425,4251
5087,425120,42,425,4251
5087,446120,44,446,4461
5088,423860,42,423,4238
5088,425110,42,425,4251
5088,425120,42,425,4251
5091,423910,42,423,4239
5091,425110,42,425,4251
5091,425120,42,425,4251
5091,451110,45,451,4511
5092,423920,42,423,4239
5092,425110,42,425,4251
5092,425120,42,425,4251
5092,451120,45,451,4511
5093,423930,42,423,4239
5093,425110,42,425,4251
5093,425120,42,425,4251
5094,423940,42,423,4239
5094,425110,42,425,4251
5094,425120,42,425,4251
5094,448310,44,448,4483
5099,423990,42,423,4239
5099,425110,42,425,4251
5099,425120,42,425,4251
5099,444190,44,444,4441
5099,451110,45,451,4511
5099,451120,45,451,4511
5099,451220,45,451,4512
5111,424110,42,424,4241
5111,425110,42,425,4251
5111,425120,42,425,4251
5111,453210,45,453,4532
5112,424120,42,424,4241
5112,425110,42,425,4251
5112,425120,42,425,4251
5112,453210,45,453,4532
5113,424130,42,424,4241
5113,425110,42,425,4251
5113,425120,42,425,4251
5113,453998,45,453,4539
5122,424210,42,424,4242
5122,425110,42,425,4251
5122,425120,42,425,4251
5122,446110,44,446,4461
5122,446120,44,446,4461
5122,446191,44,446,4461
5131,313311,31,313,3133
5131,313312,31,313,3133
5131,424310,42,424,4243
5131,425110,42,425,4251
5131,425120,42,425,4251
5131,451130,45,451,4511
5136,423910,42,423,4239
5136,424320,42,424,4243
5136,425110,42,425,4251
5136,425120,42,425,4251
5136,448110,44,448,4481
5136,448190,44,448,4481
5137,423910,42,423,4239
5137,424330,42,424,4243
5137,425110,42,425,4251
5137,425120,42,425,4251
5137,448120,44,448,4481
5137,448130,44,448,4481
5137,448190,44,448,4481
5139,424340,42,424,4243
5139,425110,42,425,4251
5139,425120,42,425,4251
5139,448210,44,448,4482
5141,424410,42,424,4244
5141,425110,42,425,4251
5141,425120,42,425,4251
5141,445110,44,445,4451
5142,424420,42,424,4244
5142,425110,42,425,4251
5142,425120,42,425,4251
5142,454390,45,454,4543
5143,424430,42,424,4244
5143,425110,42,425,4251
5143,425120,42,425,4251
5143,445299,44,445,4452
5144,424440,42,424,4244
5144,425110,42,425,4251
5144,425120,42,425,4251
5144,445210,44,445,4452
5145,424450,42,424,4244
5145,425110,42,425,4251
5145,425120,42,425,4251
5145,445292,44,445,4452
5146,424460,42,424,4244
5146,425110,42,425,4251
5146,425120,42,425,4251
5146,445220,44,445,4452
5147,311612,31,311,3116
5147,424470,42,424,4244
5147,425110,42,425,4251
5147,425120,42,425,4251
5147,445210,44,445,4452
5148,424480,42,424,4244
5148,425110,42,425,4251
5148,425120,42,425,4251
5148,445230,44,445,4452
5149,312112,31,312,3121
5149,424490,42,424,4244
5149,425110,42,425,4251
5149,425120,42,425,4251
5149,445299,44,445,4452
5149,453910,45,453,4539
5153,424510,42,424,4245
5153,425110,42,425,4251
5153,425120,42,425,4251
5153,444220,44,444,4442
5154,424520,42,424,4245
5154,425110,42,425,4251
5154,425120,42,425,4251
5159,424590,42,424,4245
5159,425110,42,425,4251
5159,425120,42,425,4251
5159,444220,44,444,4442
5162,424610,42,424,4246
5162,425110,42,425,4251
5162,425120,42,425,4251
5162,453998,45,453,4539
5169,424690,42,424,4246
5169,425110,42,425,4251
5169,425120,42,425,4251
5171,424710,42,424,4247
5171,454311,45,454,4543
5171,454312,45,454,4543
5172,424720,42,424,4247
5172,425110,42,425,4251
5172,425120,42,425,4251
5181,424810,42,424,4248
5181,425110,42,425,4251
5181,425120,42,425,4251
5181,445310,44,445,4453
5182,424820,42,424,4248
5182,425110,42,425,4251
5182,425120,42,425,4251
5182,445310,44,445,4453
5191,424910,42,424,4249
5191,425110,42,425,4251
5191,425120,42,425,4251
5191,444220,44,444,4442
5192,424920,42,424,4249
5192,425110,42,425,4251
5192,425120,42,425,4251
5192,451211,45,451,4512
5193,424930,42,424,4249
5193,425110,42,425,4251
5193,425120,42,425,4251
5193,444220,44,444,4442
5194,424940,42,424,4249
5194,425110,42,425,4251
5194,425120,42,425,4251
5194,453991,45,453,4539
5198,424950,42,424,4249
5198,425110,42,425,4251
5198,425120,42,425,4251
5199,424310,42,424,4243
5199,424340,42,424,4243
5199,424610,42,424,4246
5199,424990,42,424,4249
5199,425110,42,425,4251
5199,425120,42,425,4251
5199,453220,45,453,4532
5199,453910,45,453,4539
5199,453991,45,453,4539
5199,541890,54,541,5418
5211,444110,44,444,4441
5211,444190,44,444,4441
5231,444120,44,444,4441
5231,444190,44,444,4441
5251,444130,44,444,4441
5261,444210,44,444,4442
5261,444220,44,444,4442
5271,453930,45,453,4539
5311,452111,45,452,4521
5311,452112,45,452,4521
5331,452990,45,452,4529
5399,452910,45,452,4529
5399,452990,45,452,4529
5411,445110,44,445,4451
5411,445120,44,445,4451
5411,447110,44,447,4471
5411,452910,45,452,4529
5411,454390,45,454,4543
5421,445210,44,445,4452
5421,445220,44,445,4452
5421,454390,45,454,4543
5431,445230,44,445,4452
5431,454390,45,454,4543
5441,311330,31,311,3113
5441,311340,31,311,3113
5441,445292,44,445,4452
5451,445299,44,445,4452
5461,311811,31,311,3118
5461,445291,44,445,4452
5461,722213,72,722,7222
5499,445210,44,445,4452
5499,445299,44,445,4452
5499,446191,44,446,4461
5511,441110,44,441,4411
5521,441120,44,441,4411
5531,441310,44,441,4413
5531,441320,44,441,4413
5531,452990,45,452,4529
5541,447110,44,447,4471
5541,447190,44,447,4471
5551,441222,44,441,4412
5561,441210,44,441,4412
5571,441221,44,441,4412
5599,441229,44,441,4412
5611,448110,44,448,4481
5611,448150,44,448,4481
5621,448120,44,448,4481
5621,448190,44,448,4481
5632,448150,44,448,4481
5632,448190,44,448,4481
5641,448130,44,448,4481
5651,448140,44,448,4481
5661,448210,44,448,4482
5699,315222,31,315,3152
5699,315223,31,315,3152
5699,315233,31,315,3152
5699,448150,44,448,4481
5699,448190,44,448,4481
5712,337110,33,337,3371
5712,337121,33,337,3371
5712,337122,33,337,3371
5712,442110,44,442,4421
5713,442210,44,442,4422
5714,314121,31,314,3141
5714,314129,31,314,3141
5714,442291,44,442,4422
5714,451130,45,451,4511
5719,327112,32,327,3271
5719,442291,44,442,4422
5719,442299,44,442,4422
5722,443111,44,443,4431
5731,441310,44,441,4413
5731,443112,44,443,4431
5734,443120,44,443,4431
5735,451220,45,451,4512
5736,451140,45,451,4511
5812,711110,71,711,7111
5812,722110,72,722,7221
5812,722211,72,722,7222
5812,722212,72,722,7222
5812,722213,72,722,7222
5812,722310,72,722,7223
5812,722320,72,722,7223
5813,722410,72,722,7224
5912,446110,44,446,4461
5921,445310,44,445,4453
5932,453310,45,453,4533
5932,522298,52,522,5222
5941,451110,45,451,4511
5942,451211,45,451,4512
5943,453210,45,453,4532
5944,448310,44,448,4483
5945,451120,45,451,4511
5946,443130,44,443,4431
5947,453220,45,453,4532
5948,448320,44,448,4483
5949,451130,45,451,4511
5961,454111,45,454,4541
5961,454112,45,454,4541
5961,454113,45,454,4541
5962,454210,45,454,4542
5963,454390,45,454,4543
5963,722330,72,722,7223
5983,454311,45,454,4543
5984,454312,45,454,4543
5989,454319,45,454,4543
5992,453110,45,453,4531
5993,453991,45,453,4539
5994,451212,45,451,4512
5995,339115,33,339,3391
5995,446130,44,446,4461
5999,339113,33,339,3391
5999,443112,44,443,4431
5999,446120,44,446,4461
5999,446199,44,446,4461
5999,453910,45,453,4539
5999,453920,45,453,4539
5999,453998,45,453,4539
6011,521110,52,521,5211
6019,522298,52,522,5222
6021,522110,52,522,5221
6021,522210,52,522,5222
6022,522110,52,522,5221
6022,522190,52,522,5221
6022,522210,52,522,5222
6029,522110,52,522,5221
6035,522120,52,522,5221
6036,522120,52,522,5221
6061,522130,52,522,5221
6062,522130,52,522,5221
6081,522110,52,522,5221
6081,522293,52,522,5222
6081,522298,52,522,5222
6082,522293,52,522,5222
6082,522298,52,522,5222
6091,523991,52,523,5239
6099,522320,52,522,5223
6099,522390,52,522,5223
6099,523130,52,523,5231
6099,523991,52,523,5239
6111,522292,52,522,5222
6111,522293,52,522,5222
6111,522294,52,522,5222
6111,522298,52,522,5222
6141,522210,52,522,5222
6141,522220,52,522,5222
6141,522291,52,522,5222
6141,522298,52,522,5222
6153,522210,52,522,5222
6153,522220,52,522,5222
6153,522298,52,522,5222
6153,522320,52,522,5223
6153,523910,52,523,5239
6159,522220,52,522,5222
6159,522292,52,522,5222
6159,522293,52,522,5222
6159,522294,52,522,5222
6159,522298,52,522,5222
6162,522292,52,522,5222
6162,522390,52,522,5223
6163,522310,52,522,5223
6211,523110,52,523,5231
6211,523120,52,523,5231
6211,523910,52,523,5239
6211,523999,52,523,5239
6221,523130,52,523,5231
6221,523140,52,523,5231
6231,523210,52,523,5232
6282,523920,52,523,5239
6282,523930,52,523,5239
6289,523991,52,523,5239
6289,523999,52,523,5239
6311,524113,52,524,5241
6311,524128,52,524,5241
6311,524130,52,524,5241
6321,524113,52,524,5241
6321,524114,52,524,5241
6321,524130,52,524,5241
6321,525190,52,525,5251
6324,524114,52,524,5241
6324,524130,52,524,5241
6324,525190,52,525,5251
6331,524126,52,524,5241
6331,524128,52,524,5241
6331,524130,52,524,5241
6331,525190,52,525,5251
6351,524126,52,524,5241
6351,524128,52,524,5241
6351,524130,52,524,5241
6361,524127,52,524,5241
6361,524130,52,524,5241
6371,523920,52,523,5239
6371,524292,52,524,5242
6371,525110,52,525,5251
6371,525120,52,525,5251
6371,525990,52,525,5259
6399,524128,52,524,5241
6411,524210,52,524,5242
6411,524291,52,524,5242
6411,524292,52,524,5242
6411,524298,52,524,5242
6512,531120,53,531,5311
6512,711310,71,711,7113
6513,531110,53,531,5311
6514,531110,53,531,5311
6515,531190,53,531,5311
6517,531190,53,531,5311
6519,531190,53,531,5311
6531,531110,53,531,5311
6531,531210,53,531,5312
6531,531311,53,531,5313
6531,531312,53,531,5313
6531,531320,53,531,5313
6531,531390,53,531,5313
6531,812220,81,812,8122
6531,813990,81,813,8139
6541,541191,54,541,5411
6552,237210,23,237,2372
6553,812220,81,812,8122
6712,551111,55,551,5511
6719,551112,55,551,5511
6722,525910,52,525,5259
6726,525990,52,525,5259
6732,813211,81,813,8132
6733,523920,52,523,5239
6733,523991,52,523,5239
6733,525190,52,525,5251
6733,525920,52,525,5259
6792,523910,52,523,5239
6792,533110,53,533,5331
6794,533110,53,533,5331
6798,525930,52,525,5259
6799,523130,52,523,5231
6799,523910,52,523,5239
6799,523920,52,523,5239
7011,721110,72,721,7211
7011,721120,72,721,7211
7011,721191,72,721,7211
7011,721199,72,721,7211
7021,721310,72,721,7213
7032,721214,72,721,7212
7033,721211,72,721,7212
7041,721110,72,721,7211
7041,721310,72,721,7213
711,115112,11,115,1151
721,115112,11,115,1151
7211,812320,81,812,8123
7212,812320,81,812,8123
7213,812331,81,812,8123
7215,812310,81,812,8123
7216,812320,81,812,8123
7217,561740,56,561,5617
7218,812332,81,812,8123
7219,811490,81,811,8114
7219,812320,81,812,8123
7219,812331,81,812,8123
722,115113,11,115,1151
7221,541921,54,541,5419
723,115114,11,115,1151
723,311119,31,311,3111
7231,611511,61,611,6115
7231,812112,81,812,8121
7231,812113,81,812,8121
724,115111,11,115,1151
7241,611511,61,611,6115
7241,812111,81,812,8121
7251,811430,81,811,8114
7251,812320,81,812,8123
7251,812990,81,812,8129
7261,812210,81,812,8122
7261,812220,81,812,8122
7291,541213,54,541,5412
7299,532220,53,532,5322
7299,541990,54,541,5419
7299,561310,56,561,5613
7299,561990,56,561,5619
7299,812191,81,812,8121
7299,812199,81,812,8121
7299,812930,81,812,8129
7299,812990,81,812,8129
7311,541810,54,541,5418
7312,541850,54,541,5418
7313,541840,54,541,5418
7319,481219,48,481,4812
7319,541830,54,541,5418
7319,541850,54,541,5418
7319,541870,54,541,5418
7319,541890,54,541,5418
7322,561440,56,561,5614
7323,561450,56,561,5614
7331,511140,51,511,5111
7331,541860,54,541,5418
7334,323114,32,323,3231
7334,561439,56,561,5614
7335,481219,48,481,4812
7335,541922,54,541,5419
7336,541430,54,541,5414
7338,561410,56,561,5614
7338,561492,56,561,5614
7342,561710,56,561,5617
7342,561720,56,561,5617
7349,561720,56,561,5617
7349,561790,56,561,5617
7352,532291,53,532,5322
7352,532490,53,532,5324
7353,238910,23,238,2389
7353,238990,23,238,2389
7353,532412,53,532,5324
7359,532210,53,532,5322
7359,532299,53,532,5322
7359,532310,53,532,5323
7359,532411,53,532,5324
7359,532412,53,532,5324
7359,532420,53,532,5324
7359,532490,53,532,5324
7359,562991,56,562,5629
7361,541612,54,541,5416
7361,561310,56,561,5613
7363,561320,56,561,5613
7363,561330,56,561,5613
7371,541511,54,541,5415
7372,334611,33,334,3346
7372,511210,51,511,5112
7373,541512,54,541,5415
7374,518210,51,518,5182
7375,518111,51,518,5181
7376,541513,54,541,5415
7377,532420,53,532,5324
7378,443120,44,443,4431
7378,811212,81,811,8112
7379,518210,51,518,5182
7379,541512,54,541,5415
7379,541519,54,541,5415
7381,561611,56,561,5616
7381,561612,56,561,5616
7381,561613,56,561,5616
7382,561621,56,561,5616
7383,519110,51,519,5191
7383,711510,71,711,7115
7384,812921,81,812,8129
7384,812922,81,812,8129
7389,312229,31,312,3122
7389,313311,31,313,3133
7389,314999,31,314,3149
7389,325998,32,325,3259
7389,425120,42,425,4251
7389,488490,48,488,4884
7389,491110,49,491,4911
7389,512240,51,512,5122
7389,512290,51,512,5122
7389,518210,51,518,5182
7389,519190,51,519,5191
7389,522320,52,522,5223
7389,541199,54,541,5411
7389,541340,54,541,5413
7389,541350,54,541,5413
7389,541370,54,541,5413
7389,541410,54,541,5414
7389,541420,54,541,5414
7389,541490,54,541,5414
7389,541870,54,541,5418
7389,541890,54,541,5418
7389,541930,54,541,5419
7389,541990,54,541,5419
7389,561410,56,561,5614
7389,561421,56,561,5614
7389,561422,56,561,5614
7389,561431,56,561,5614
7389,561439,56,561,5614
7389,561440,56,561,5614
7389,561491,56,561,5614
7389,561499,56,561,5614
7389,561591,56,561,5615
7389,561599,56,561,5615
7389,561790,56,561,5617
7389,561910,56,561,5619
7389,561920,56,561,5619
7389,561990,56,561,5619
7389,711310,71,711,7113
7389,711320,71,711,7113
7389,711410,71,711,7114
7389,812320,81,812,8123
7389,812990,81,812,8129
741,541940,54,541,5419
742,541940,54,541,5419
751,115210,11,115,1152
751,311611,31,311,3116
7513,532120,53,532,5321
7514,532111,53,532,5321
7515,532112,53,532,5321
7519,532120,53,532,5321
752,115210,11,115,1152
752,812910,81,812,8129
7521,812930,81,812,8129
7532,811121,81,811,8111
7533,811112,81,811,8111
7534,326212,32,326,3262
7534,811198,81,811,8111
7536,811122,81,811,8111
7537,811113,81,811,8111
7538,811111,81,811,8111
7539,811118,81,811,8111
7539,811198,81,811,8111
7542,811192,81,811,8111
7549,488410,48,488,4884
7549,811122,81,811,8111
7549,811191,81,811,8111
7549,811198,81,811,8111
761,115115,11,115,1151
762,115116,11,115,1151
7622,238290,23,238,2382
7622,443112,44,443,4431
7622,811211,81,811,8112
7622,811213,81,811,8112
7623,443111,44,443,4431
7623,811310,81,811,8113
7623,811412,81,811,8114
7629,443111,44,443,4431
7629,811211,81,811,8112
7629,811212,81,811,8112
7629,811213,81,811,8112
7629,811219,81,811,8112
7629,811412,81,811,8114
7631,448310,44,448,4483
7631,811490,81,811,8114
7641,811420,81,811,8114
7692,811310,81,811,8113
7694,335312,33,335,3353
7694,811310,81,811,8113
7699,115210,11,115,1152
7699,238220,23,238,2382
7699,442299,44,442,4422
7699,444130,44,444,4441
7699,444210,44,444,4442
7699,451110,45,451,4511
7699,488390,48,488,4883
7699,561622,56,561,5616
7699,561790,56,561,5617
7699,562991,56,562,5629
7699,562998,56,562,5629
7699,711510,71,711,7115
7699,811211,81,811,8112
7699,811212,81,811,8112
7699,811219,81,811,8112
7699,811310,81,811,8113
7699,811411,81,811,8114
7699,811412,81,811,8114
7699,811430,81,811,8114
7699,811490,81,811,8114
781,541320,54,541,5413
781,541690,54,541,5416
7812,512110,51,512,5121
7819,334612,33,334,3346
7819,512191,51,512,5121
7819,512199,51,512,5121
7819,532220,53,532,5322
7819,532490,53,532,5324
7819,541214,54,541,5412
7819,541690,54,541,5416
7819,561310,56,561,5613
7819,711510,71,711,7115
782,561730,56,561,5617
7822,423990,42,423,4239
7822,512120,51,512,5121
7829,512120,51,512,5121
7829,512199,51,512,5121
7829,519120,51,519,5191
783,561730,56,561,5617
7832,512131,51,512,5121
7833,512132,51,512,5121
7841,532230,53,532,5322
7911,611610,61,611,6116
7911,713990,71,713,7139
7922,512290,51,512,5122
7922,532490,53,532,5324
7922,561310,56,561,5613
7922,561599,56,561,5615
7922,711110,71,711,7111
7922,711120,71,711,7111
7922,711310,71,711,7113
7922,711320,71,711,7113
7922,711410,71,711,7114
7922,711510,71,711,7115
7929,711130,71,711,7111
7929,711190,71,711,7111
7929,711510,71,711,7115
7933,713950,71,713,7139
7941,711211,71,711,7112
7941,711310,71,711,7113
7941,711320,71,711,7113
7941,711410,71,711,7114
7948,711212,71,711,7112
7948,711219,71,711,7112
7991,713940,71,713,7139
7992,713910,71,713,7139
7993,713120,71,713,7131
7993,713290,71,713,7132
7993,713990,71,713,7139
7996,713110,71,713,7131
7997,481219,48,481,4812
7997,488119,48,488,4881
7997,713910,71,713,7139
7997,713940,71,713,7139
7997,713990,71,713,7139
7999,487110,48,487,4871
7999,487210,48,487,4872
7999,487990,48,487,4879
7999,532292,53,532,5322
7999,561599,56,561,5615
7999,611620,61,611,6116
7999,611699,61,611,6116
7999,711190,71,711,7111
7999,711219,71,711,7112
7999,711310,71,711,7113
7999,711320,71,711,7113
7999,712190,71,712,7121
7999,713210,71,713,7132
7999,713290,71,713,7132
7999,713920,71,713,7139
7999,713940,71,713,7139
7999,713990,71,713,7139
7999,812990,81,812,8129
8011,621111,62,621,6211
8011,621112,62,621,6211
8011,621491,62,621,6214
8011,621493,62,621,6214
8021,621210,62,621,6212
8031,621111,62,621,6211
8031,621112,62,621,6211
8041,621310,62,621,6213
8042,621320,62,621,6213
8043,621391,62,621,6213
8049,621330,62,621,6213
8049,621340,62,621,6213
8049,621399,62,621,6213
8051,623110,62,623,6231
8051,623210,62,623,6232
8051,623311,62,623,6233
8052,623110,62,623,6231
8052,623210,62,623,6232
8052,623311,62,623,6233
8059,623110,62,623,6231
8059,623210,62,623,6232
8059,623311,62,623,6233
8062,622110,62,622,6221
8063,622210,62,622,6222
8069,622110,62,622,6221
8069,622210,62,622,6222
8069,622310,62,622,6223
8071,621511,62,621,6215
8071,621512,62,621,6215
8072,339116,33,339,3391
8082,621610,62,621,6216
8092,621492,62,621,6214
8093,621399,62,621,6213
8093,621410,62,621,6214
8093,621420,62,621,6214
8093,621498,62,621,6214
8099,541430,54,541,5414
8099,541922,54,541,5419
8099,621410,62,621,6214
8099,621991,62,621,6219
8099,621999,62,621,6219
811,111421,11,111,1114
811,113110,11,113,1131
8111,541110,54,541,5411
8211,611110,61,611,6111
8221,611310,61,611,6113
8222,611210,61,611,6112
8231,519120,51,519,5191
8243,611420,61,611,6114
8243,611519,61,611,6115
8244,611410,61,611,6114
8249,611512,61,611,6115
8249,611513,61,611,6115
8249,611519,61,611,6115
8299,611430,61,611,6114
8299,611512,61,611,6115
8299,611519,61,611,6115
8299,611610,61,611,6116
8299,611620,61,611,6116
8299,611630,61,611,6116
8299,611691,61,611,6116
8299,611692,61,611,6116
8299,611699,61,611,6116
8299,611710,61,611,6117
831,111998,11,111,1119
831,113210,11,113,1132
8322,624110,62,624,6241
8322,624120,62,624,6241
8322,624190,62,624,6241
8322,624210,62,624,6242
8322,624221,62,624,6242
8322,624229,62,624,6242
8322,624230,62,624,6242
8322,922150,92,922,9221
8331,624310,62,624,6243
8351,624410,62,624,6244
8361,623210,62,623,6232
8361,623220,62,623,6232
8361,623312,62,623,6233
8361,623990,62,623,6239
8399,813212,81,813,8132
8399,813219,81,813,8132
8399,813311,81,813,8133
8399,813312,81,813,8133
8399,813319,81,813,8133
8412,712110,71,712,7121
8412,712120,71,712,7121
8422,712130,71,712,7121
8422,712190,71,712,7121
851,115310,11,115,1153
8611,813910,81,813,8139
8621,813920,81,813,8139
8631,813930,81,813,8139
8641,813319,81,813,8133
8641,813410,81,813,8134
8641,813990,81,813,8139
8641,921150,92,921,9211
8651,813940,81,813,8139
8661,813110,81,813,8131
8699,561599,56,561,5615
8699,813312,81,813,8133
8699,813410,81,813,8134
8699,813910,81,813,8139
8699,813990,81,813,8139
8711,541330,54,541,5413
8712,541310,54,541,5413
8713,541360,54,541,5413
8713,541370,54,541,5413
8721,541211,54,541,5412
8721,541214,54,541,5412
8721,541219,54,541,5412
8731,541710,54,541,5417
8732,541720,54,541,5417
8732,541910,54,541,5419
8733,541710,54,541,5417
8733,541720,54,541,5417
8734,541380,54,541,5413
8734,541940,54,541,5419
8741,236115,23,236,2361
8741,236116,23,236,2361
8741,236118,23,236,2361
8741,236210,23,236,2362
8741,236220,23,236,2362
8741,237110,23,237,2371
8741,237120,23,237,2371
8741,237130,23,237,2371
8741,237310,23,237,2373
8741,237990,23,237,2379
8741,561110,56,561,5611
8742,541611,54,541,5416
8742,541612,54,541,5416
8742,541613,54,541,5416
8742,541614,54,541,5416
8743,541820,54,541,5418
8744,561210,56,561,5612
8748,541320,54,541,5413
8748,541330,54,541,5413
8748,541618,54,541,5416
8748,541690,54,541,5416
8748,611710,61,611,6117
8811,814110,81,814,8141
8999,512210,51,512,5122
8999,512230,51,512,5122
8999,516110,51,516,5161
8999,518112,51,518,5181
8999,541612,54,541,5416
8999,541620,54,541,5416
8999,541690,54,541,5416
8999,541990,54,541,5419
8999,711510,71,711,7115
9111,921110,92,921,9211
912,114111,11,114,1141
9121,921120,92,921,9211
913,114112,11,114,1141
9131,921140,92,921,9211
919,111998,11,111,1119
919,112512,11,112,1125
919,114112,11,114,1141
919,114119,11,114,1141
9199,921190,92,921,9211
921,112511,11,112,1125
921,112512,11,112,1125
9211,922110,92,922,9221
9221,922120,92,922,9221
9222,922130,92,922,9221
9223,922140,92,922,9221
9224,922160,92,922,9221
9229,922190,92,922,9221
9311,921130,92,921,9211
9411,923110,92,923,9231
9431,923120,92,923,9231
9441,923130,92,923,9231
9451,923140,92,923,9231
9511,924110,92,924,9241
9512,924120,92,924,9241
9531,925110,92,925,9251
9532,925120,92,925,9251
9611,926110,92,926,9261
9621,488111,48,488,4881
9621,926120,92,926,9261
9631,926130,92,926,9261
9641,926140,92,926,9261
9651,926150,92,926,9261
9661,927110,92,927,9271
971,114210,11,114,1142
9711,928110,92,928,9281
9721,928120,92,928,9281
