patent_id,app_year,grant_year,assignee_country_mode,inventor_country_mode,benchmark_score,dictionary_score,metadata_score,semantic_lsa_score,text_supervised_score,benchmark_confidence,patent_title
9544636,2014,2017,US,US,0.00012580065482635617,0.0,0.9150824899249241,0.40732132122536135,0.00030371314358624256,0.9997483986903473,Method and system for editing event categories
6181837,1994,2001,US,US,0.00013310403306995603,0.0,0.8922244544845829,0.4237010727883272,0.0014912199349789174,0.9997337919338601,Electronic check image storage and retrieval system
10397046,2018,2019,US,IN,0.00013616122669665292,0.0,0.8934342149468403,0.32404391394598164,0.0014878014336227629,0.9997276775466067,Contextual state-based user interface notification triggering
10200237,2018,2019,US,IN,0.00013616122669665292,0.0,0.8934342149468403,0.32404391394598164,0.0014878014336227629,0.9997276775466067,Contextual state-based user interface notification triggering
9361011,2015,2016,US,US,0.0001421154750182211,0.0,0.7984511117909632,0.37874940224252723,0.000181609798783062,0.9997157690499635,Methods and systems for presenting multiple live video feeds in a user interface
10444967,2016,2019,US,US,0.0001421154750182211,0.0,0.7984511117909632,0.37874940224252723,0.000181609798783062,0.9997157690499635,Methods and systems for presenting multiple live video feeds in a user interface
10579226,2017,2020,US,US,0.00014218168778037534,0.0,0.9009472276518071,0.4470066858886509,0.0023887307455474718,0.9997156366244393,Time proximity based map user interactions
5749913,1996,1998,US,US,0.00014476931413416385,0.0,0.80210976987282,0.453815388149523,0.00011758127236866157,0.9997104613717317,System and method for collecting and storing electrotherapy data on a detachable memory device
10444970,2019,2019,US,IN,0.00014744088130935236,0.0,0.7551573190020043,0.3603488081730149,5.0645434726024026e-05,0.9997051182373813,Contextual state-based user interface format adaptation
10254945,2018,2019,US,IN,0.00014744088130935236,0.0,0.7551573190020043,0.3603488081730149,5.0645434726024026e-05,0.9997051182373813,Contextual state-based user interface format adaptation
10216434,2016,2019,US,US,0.00014845289818504295,0.0,0.7545749977196067,0.48899607046059074,0.00012061383093160016,0.9997030942036299,Detailed memory device statistics with drive write location determination
9565274,2008,2017,US,US,0.00014941875304300646,0.0,0.9000867463936647,0.38015133826100184,0.0011205498361880628,0.9997011624939139,"Systems, methods and devices for trip management functions"
8127241,2005,2012,US,US,0.00014992740589772692,0.0,0.7835559422096289,0.41320798488862726,0.001162663590150819,0.9997001451882045,Process plant user interface system having customized process graphic display layers in an integrated environment
8977843,2011,2015,US,US,0.00015039762819412075,0.0,0.7564859312592327,0.4291357732532813,0.0012590089609583808,0.9996992047436117,Geolocating network nodes in attenuated environments for cyber and network security applications
9978021,2016,2018,IE,US,0.00015083764869601947,0.0,0.8999657978271598,0.3992138186160502,0.001818805223624243,0.999698324702608,Database management and presentation processing of a graphical user interface
8769267,2012,2014,US,US,0.0001510971376842513,0.0,0.7564859312592327,0.41881241945951625,0.0012032828469190763,0.9996978057246315,Geothentication based on new network packet structure
7007245,2004,2006,US,US,0.00015117018061511635,0.0,0.7394539812281326,0.3428528064276982,0.00019313725715043893,0.9996976596387698,Product selection expert system
9940523,2016,2018,US,US,0.00015150755650970298,0.0,0.9150824899249241,0.4351404984818909,0.0034379526469831166,0.9996969848869806,Video monitoring user interface for displaying motion events feed
10435279,2016,2019,US,US,0.00015232348280075944,0.0,0.9743403734174463,0.388154864716423,0.0007788285046951711,0.9996953530343985,"Shopping space route guidance systems, devices and methods"
8769416,2010,2014,US,US,0.00015261119331336326,0.0,0.7343267415621438,0.383537540767032,6.42852869595307e-05,0.9996947776133732,Service cloud console
10877638,2018,2020,US,US,0.0001533664766774903,0.0,0.7374410736413693,0.4078223628566258,0.0006995292721775241,0.9996932670466451,Overview user interface of emergency call data of a law enforcement agency
10042524,2014,2018,US,US,0.0001533664766774903,0.0,0.7374410736413693,0.4078223628566258,0.0006995292721775241,0.9996932670466451,Overview user interface of emergency call data of a law enforcement agency
8924872,2013,2014,US,US,0.0001533664766774903,0.0,0.7374410736413693,0.4078223628566258,0.0006995292721775241,0.9996932670466451,Overview user interface of emergency call data of a law enforcement agency
9471547,2011,2016,US,US,0.00015418583544053727,0.0,0.7401685176869659,0.31391044640315063,0.0006657515136249884,0.999691628329119,Navigating supplemental information for a digital work
8255804,2004,2012,US,US,0.00015484616500064378,0.0,0.7210212478362019,0.40454991500681325,2.1499217469458472e-05,0.9996903076699987,Resource controlled user interface resource management
10674403,2015,2020,SE,SE,0.0001550431642350747,0.0,0.750172590824399,0.4232523489427362,0.003002159910014811,0.9996899136715298,Traffic steering between radio access network nodes
7739723,2006,2010,US,US,0.00015508672802088292,0.0,0.7626056612082018,0.41028604648828426,0.00010672688717980462,0.9996898265439582,Media engine user interface for managing media
7213056,2003,2007,US,US,0.00015621246978216779,0.0,0.7140245007444455,0.4369356030402292,8.444388813103297e-05,0.9996875750604357,Providing modular telephony service
10162937,2014,2018,US,CH,0.00015644971013945364,0.0,0.7995540047227604,0.3856140729654102,0.0009259959578356098,0.9996871005797211,Method and analysis system for processing biological samples
5785043,1996,1998,US,US,0.00015652076109189353,0.0,0.80210976987282,0.4881999268657868,0.004159858441153318,0.9996869584778162,Method of creating a report showing the time correlation between recorded medical events
9348490,2012,2016,US,CA,0.0001568880070035645,0.0,0.7095361975552416,0.33965719601814753,2.5845031552173232e-05,0.9996862239859928,"User interface with configuration, registration, and runtime selection of views"
10387003,2015,2019,US,CA,0.0001568889267764259,0.0,0.7095361975552416,0.33977601226787585,2.628454572864081e-05,0.9996862221464472,User interface with runtime selection of views
10379707,2015,2019,US,CA,0.0001568902547281208,0.0,0.7095361975552416,0.3352153772441618,2.6919103932902257e-05,0.9996862194905437,Providing a user interface with configurable interface components
10559027,2015,2020,US,FR,0.00015720234247601004,0.0,0.7307023257060538,0.3617390619459712,0.00021530196016418,0.999685595315048,Methods and systems to process a selection of a browser back button
5891046,1997,1999,US,US,0.00015769947925495505,0.0,0.80210976987282,0.4881171817337037,0.0047223179503984355,0.99968460104149,Method of assembling a time-correlated medical event database
7774235,2003,2010,US,US,0.0001579920516011454,0.0,0.6967424687680841,0.40613115387710275,0.0002592767851169046,0.9996840158967977,Method and process for producing a sequence of data request user interfaces
5891049,1997,1999,US,US,0.0001580443835238254,0.0,0.80210976987282,0.4923593417721076,0.004886104246975958,0.9996839112329523,Time and data correlated medical display system
9182839,2012,2015,US,US,0.00015852050746837607,0.0,0.7210212478362019,0.3862504176448477,1.71310665843295e-05,0.9996829589850632,Resource controlled user interface resource management
5899866,1997,1999,US,US,0.00015899922613040132,0.0,0.80210976987282,0.48773632564004654,0.0053376774052417714,0.9996820015477392,Method and apparatus for recording and replaying time-correlated medical event data
10878434,2017,2020,US,US,0.00015955660446787177,0.0,0.8874556454274746,0.4387580930232889,0.004966644387500655,0.9996808867910643,Specialized computer modules for enhancing user interfaces with item seasonality indicators
8914539,2010,2014,US,US,0.00016010919917947217,0.0,0.7343267415621438,0.35991711218334604,8.86489926726783e-05,0.9996797816016411,Service cloud console
10101883,2014,2018,US,US,0.0001601621593541198,0.0,0.7343267415621438,0.3799248262589648,0.00011344296044385375,0.9996796756812918,Service cloud console
9710512,2014,2017,DE,DE,0.00016033670669410267,0.0,0.7286427686108268,0.4611917818842293,0.0036861670947497347,0.9996793265866118,Web-based debugging of database sessions
6407752,1997,2002,US,US,0.00016068875847126976,0.0,0.7095361975552416,0.33957089741921465,5.786082426811224e-05,0.9996786224830575,Method and system for a user interface for remote FTP hosts
8745272,2010,2014,US,US,0.00016071255925376274,0.0,0.7343267415621438,0.3964485130217433,0.0003706353561737216,0.9996785748814925,Service cloud console
8250277,2010,2012,US,US,0.0001607713466843435,0.0,0.7983895564141652,0.4297707117454056,0.002869669145334194,0.9996784573066313,Dock-specific display modes
8250278,2011,2012,US,US,0.0001607713466843435,0.0,0.7983895564141652,0.4297707117454056,0.002869669145334194,0.9996784573066313,Dock-specific display modes
9753703,2015,2017,US,US,0.00016082332257309097,0.0,0.7238553884394511,0.39654262592265793,0.0013396511265004172,0.9996783533548538,Generating identifiers for user interface elements of a web page of a web application
9134884,2005,2015,US,US,0.00016098626146749263,0.0,0.7307023257060538,0.38610202785727216,0.00018964666032247424,0.999678027477065,Methods and systems to process a selection of a browser back button
9130899,2011,2015,US,US,0.00016150332055202805,0.0,0.7263754683856732,0.3838059202681717,6.169146602201325e-05,0.9996769933588959,Integrated user interface for unified communications applications
10182085,2015,2019,US,US,0.00016150332055202805,0.0,0.7263754683856732,0.3838059202681717,6.169146602201325e-05,0.9996769933588959,Integrated user interface for unified communications applications
9940363,2011,2018,US,US,0.00016224613232541484,0.0,0.7307023257060538,0.41418524221873676,0.0007740715663269072,0.9996755077353492,"Systems, methods and user interfaces in a patent management system"
10216810,2016,2019,US,US,0.00016273678740933912,0.0,0.7581686981433184,0.40851983932179853,0.00035649934622280073,0.9996745264251813,Content item-centric conversation aggregation in shared folder backed integrated workspaces
9300609,2015,2016,US,US,0.00016273678740933912,0.0,0.7581686981433184,0.40851983932179853,0.00035649934622280073,0.9996745264251813,Content item-centric conversation aggregation in shared folder backed integrated workspaces
10452670,2015,2019,US,US,0.00016281203098885826,0.0,0.7581686981433184,0.4001853905051729,0.0003911546093039896,0.9996743759380223,Processing message attachments in shared folder backed integrated workspaces
9298355,2015,2016,US,US,0.00016284868473110113,0.0,0.7581686981433184,0.40942144756086907,0.00040803058310642153,0.9996743026305378,Content item templates
10558677,2015,2020,US,US,0.00016285137952339846,0.0,0.7581686981433184,0.407952049701812,0.00040927115904577514,0.9996742972409532,Viewing and editing content items in shared folder backed integrated workspaces
10042900,2015,2018,US,US,0.0001628905456559628,0.0,0.7581686981433184,0.40315935404869835,0.00042729938292844125,0.9996742189086881,External user notifications in shared folder backed integrated workspaces
9959327,2015,2018,US,US,0.00016289538940841104,0.0,0.7581686981433184,0.40144720128656963,0.00042952866759030095,0.9996742092211832,Creating conversations in shared folder backed integrated workspaces
10635684,2017,2020,US,US,0.00016291080374943113,0.0,0.7581686981433184,0.40208146639255266,0.00043662251024926814,0.9996741783925012,Shared folder backed integrated workspaces
9395892,2015,2016,US,US,0.00016291080374943113,0.0,0.7581686981433184,0.40208146639255266,0.00043662251024926814,0.9996741783925012,Shared folder backed integrated workspaces
9395893,2015,2016,US,US,0.00016291080374943113,0.0,0.7581686981433184,0.40208146639255266,0.00043662251024926814,0.9996741783925012,Shared folder backed integrated workspaces
9715534,2015,2017,US,US,0.00016291080374943113,0.0,0.7581686981433184,0.40208146639255266,0.00043662251024926814,0.9996741783925012,Shared folder backed integrated workspaces
9870567,2013,2018,US,US,0.00016305231846961598,0.0,0.7263754683856732,0.4419130312985783,0.0007773084247153189,0.9996738953630607,User interface tailored by subscription state for a channel of a content sharing platform
7249216,2005,2007,JP,JP,0.00016366793762053586,0.0,0.6967424687680841,0.46934522594818656,0.0014430129308529204,0.999672664124759,"Data relay apparatus, content addressable/associative memory device, and content addressable/associative memory device use information search method"
7917471,2006,2011,FI,FI,0.00016382493391543042,0.0,0.7095361975552416,0.4229763753173134,0.001506954583869836,0.9996723501321692,Method for obtaining information objects in a communication system
10740120,2018,2020,US,US,0.00016390455914554953,0.0,0.7140245007444455,0.38171935804591645,0.0001166645871722108,0.9996721908817089,Dynamic user interface update generation
10757067,2017,2020,US,FR,0.0001641477997614034,0.0,0.7654943589805374,0.42979005501815315,0.0016273796559890484,0.9996717044004771,Just in time transcoding and packaging in IPV6 networks
9129656,2013,2015,US,US,0.00016421968166996788,0.0,0.7532252436276218,0.4015808748785233,0.0006156960313387833,0.9996715606366601,Theme-based methods and systems for shifting between user interface views associated with a media service
10387528,2016,2019,US,EG,0.00016483404387330342,0.0,0.7684416937087266,0.442616126408993,0.005173307575749766,0.9996703319122534,Search results integrated with interactive conversation service interface
10326686,2017,2019,US,US,0.00016500988725304803,0.0,0.7619983799911516,0.3078251161141201,0.0017224602130097655,0.9996699802254939,Apparatus and method for testing installation of network equipment onboard locomotive
10754670,2017,2020,IE,FR,0.0001650639859698676,0.0,0.7622420716559184,0.4225157588612511,0.0017677813640472322,0.9996698720280602,Dynamic user interface for predictive data analytics
7243079,2000,2007,US,US,0.00016509298634901232,0.0,0.7095361975552416,0.4292733089199075,0.00027618658947428594,0.9996698140273019,User interface and methods for online print service
10216855,2014,2019,US,US,0.00016600791374671433,0.0,0.7177866870733263,0.4060336485297325,0.0013929035728019758,0.9996679841725066,Mobilizing an existing web application
7904803,2001,2011,US,CA,0.00016665991031839498,0.0,0.7039867510861061,0.3575711341071189,0.0005119419163615623,0.9996666801793632,Method and system for converting user interface source code of a legacy application to web pages
8032548,2007,2011,US,US,0.00016681691252691926,0.0,0.7039867510861061,0.5065187646462043,0.004557493486604636,0.9996663661749462,Efficient network data transfer
10417299,2014,2019,US,US,0.0001673276494153397,0.0,0.7140245007444455,0.41153887617141216,0.0016662601101190405,0.9996653447011693,Embedded streams user interface
8935422,2011,2015,US,US,0.0001673276494153397,0.0,0.7140245007444455,0.41153887617141216,0.0016662601101190405,0.9996653447011693,Embedded streams user interface
10706056,2016,2020,US,SG,0.00016747984754347258,0.0,0.7095361975552416,0.45359907454365583,0.0013523178357895277,0.9996650403049131,Audit log report generator
10567845,2017,2020,US,US,0.0001682267282430696,0.0,0.7388472278332586,0.4237104548385854,0.0011989979034325664,0.9996635465435139,Embeddable media content search widget
10380826,2016,2019,US,US,0.00016825993495655502,0.0,0.7654348351742317,0.42627933109267807,0.006459520779220211,0.9996634801300869,Systems and methods for unlocking user interface elements
10754519,2017,2020,US,US,0.00016841285073810531,0.0,0.7263754683856732,0.4112574432429829,0.00022013927665614529,0.9996631742985238,Graphical user interface facilitating uploading of electronic documents to shared storage
8812962,2009,2014,US,US,0.00016852619370154897,0.0,0.7307023257060538,0.44964903178467663,0.0006389360010322167,0.9996629476125969,Web service interface and querying
9086783,2012,2015,US,US,0.00016882093761807912,0.0,0.7325881945219567,0.441429425097781,0.0009304901950189219,0.9996623581247639,Methods and systems for using search and select forms on a mobile device
9785987,2010,2017,US,US,0.00016963554253925084,0.0,0.7238553884394511,0.44283189693089275,0.0005479210613267138,0.9996607289149215,User interface for information presentation system
8782127,2011,2014,US,US,0.00017038426611401381,0.0,0.7039867510861061,0.44961204801369287,0.0021688574692002695,0.999659231467772,Notification based web applications
10073604,2014,2018,US,US,0.00017051938428432563,0.0,0.7177866870733263,0.4423108845297711,0.00042087331704032313,0.9996589612314314,UI-driven model extensibility in multi-tier applications
10540401,2019,2020,US,US,0.0001708446285828206,0.0,0.7286427686108268,0.4397270322842834,0.0014879442202264692,0.9996583107428344,Construction permit processing system and method
10250574,2018,2019,US,US,0.00017126023683722963,0.0,0.8934342149468403,0.3664647688747957,0.002675823012011657,0.9996574795263256,Systems and methods for encoded communications
10331727,2016,2019,US,CH,0.00017150988134662781,0.0,0.7210212478362019,0.41999355916882625,0.001130461901107465,0.9996569802373068,Graphical user interface to display commonly categorized entities
9552387,2014,2017,DE,DE,0.0001715182155068162,0.0,0.7286427686108268,0.49380912408658023,0.007671119035475561,0.9996569635689864,Security for debugging of database sessions
8924500,2011,2014,US,US,0.0001717052122891744,0.0,0.7140245007444455,0.471612061413095,0.0006201423706160187,0.9996565895754217,Local storage linked to networked storage system
10628002,2018,2020,US,US,0.0001719737966858927,0.0,0.7177866870733263,0.42953360155230835,0.0010576069612430901,0.9996560524066282,Integrated data authentication system with an interactive user interface
9734640,2013,2017,US,US,0.00017208695942837817,0.0,0.9017380219755136,0.4838856407089508,0.003743783892331713,0.9996558260811432,Method and system of bidding in a vehicle
9836479,2014,2017,US,US,0.00017240287210279408,0.0,0.7140245007444455,0.46953556074943553,0.0009241393898848871,0.9996551942557944,Local storage linked to networked storage system
9582601,2014,2017,US,US,0.00017246159321819513,0.0,0.7325881945219567,0.4372325610927412,0.002530052995121634,0.9996550768135636,Combining server-side and client-side user interface elements
8959142,2012,2015,US,US,0.00017246159321819513,0.0,0.7325881945219567,0.4372325610927412,0.002530052995121634,0.9996550768135636,Combining server-side and client-side user interface elements
10558426,2017,2020,US,US,0.00017272235281929127,0.0,0.8972178390895065,0.38059378424125684,0.0036352693579495554,0.9996545552943614,Graphical user interface rendering management by voice-driven computing infrastructure
8160895,2007,2012,US,US,0.00017349045612249022,0.0,0.7471574956239929,0.4248251225297587,0.004216307525528063,0.9996530190877551,User interface for clinical decision support
10630841,2019,2020,US,US,0.00017369419619921788,0.0,0.760931628062659,0.47057216421820086,0.000560043215409487,0.9996526116076015,Agent application and integrated call processing platform
9986092,2017,2018,US,US,0.00017369419619921788,0.0,0.760931628062659,0.47057216421820086,0.000560043215409487,0.9996526116076015,Agent application and integrated call processing platform
10298758,2018,2019,US,US,0.00017369419619921788,0.0,0.760931628062659,0.47057216421820086,0.000560043215409487,0.9996526116076015,Agent application and integrated call processing platform
9558788,2013,2017,US,US,0.00017406325922569683,0.0,0.7532252436276218,0.4096908081647528,6.310307418097337e-05,0.9996518734815486,Systems and methods of providing user interface features for a media service
7702751,2003,2010,US,US,0.00017424931711331398,0.0,0.6967424687680841,0.39129010878782394,0.0002515376672380989,0.9996515013657734,Metaportal system and method
9291359,2014,2016,US,US,0.000174424934208131,0.0,0.9264259818205998,0.3975787687825415,0.006857236541630645,0.9996511501315838,Thermostat user interface
8655880,2010,2014,US,US,0.00017453272007002114,0.0,0.6967424687680841,0.39873560854186013,0.00037337244522767863,0.99965093455986,Graphical information navigator
7020844,2001,2006,US,US,0.00017461619092197088,0.0,0.7995540047227604,0.40497249470050667,0.004244984040141271,0.9996507676181561,Method and apparatus for managing workflow in prescribing and processing medical images
9742840,2014,2017,DE,DE,0.00017492677321952047,0.0,0.7551573190020043,0.359238401910865,0.0005985900903881694,0.999650146453561,Integration of user interfaces for different physically distributed medical applications
7996779,2007,2011,US,US,0.00017514682215066137,0.0,0.6967424687680841,0.45702102036422976,0.0006366973277047607,0.9996497063556987,System and method of providing a user interface for client applications to store data and context information on the web
10853339,2019,2020,US,IL,0.00017520583575024508,0.0,0.7210212478362019,0.4059423410500386,0.0027288785285068534,0.9996495883284995,Peer to peer ownership negotiation
10430397,2018,2019,US,IL,0.00017520583575024508,0.0,0.7210212478362019,0.4059423410500386,0.0027288785285068534,0.9996495883284995,Peer to peer ownership negotiation
10031933,2015,2018,US,IL,0.00017520583575024508,0.0,0.7210212478362019,0.4059423410500386,0.0027288785285068534,0.9996495883284995,Peer to peer ownership negotiation
10701177,2017,2020,US,US,0.00017549969066917034,0.0,0.7210212478362019,0.4846587631915986,0.0076455792090365775,0.9996490006186617,Automatic data request recovery after session failure
9251194,2012,2016,US,US,0.00017549969066917034,0.0,0.7210212478362019,0.4846587631915986,0.0076455792090365775,0.9996490006186617,Automatic data request recovery after session failure
9633368,2012,2017,US,US,0.00017558555551976026,0.0,0.7095361975552416,0.45758428729067013,0.001913428340542443,0.9996488288889605,Content ranking and serving on a multi-user device or interface
10239740,2016,2019,US,US,0.00017566547197789292,0.0,0.9743403734174463,0.3507345065079008,0.011467647742102429,0.9996486690560442,Shopping facility assistance system and method having a motorized transport unit that selectively leads or follows a user within a shopping facility
10771412,2018,2020,US,US,0.00017582065642279446,0.0,0.7729362964909328,0.3544441583458299,0.0024942953007126116,0.9996483586871544,Character-by-character chat for autonomous vehicle support
10484313,2016,2019,US,US,0.00017588293887738573,0.0,0.7471574956239929,0.36869682102204704,0.0003262217673997616,0.9996482341222452,Decision tree navigation through text messages
10848446,2018,2020,US,CA,0.00017591553415424933,0.0,0.7625456316187808,0.43457660256166974,0.0016501523230526402,0.9996481689316915,Displaying customized electronic messaging graphics
10855632,2016,2020,US,US,0.00017591553415424933,0.0,0.7625456316187808,0.43457660256166974,0.0016501523230526402,0.9996481689316915,Displaying customized electronic messaging graphics
8001485,2008,2011,US,US,0.00017617325003742632,0.0,0.7476777631621895,0.39987128757396123,0.0004941578183376922,0.9996476534999251,"Method, system and apparatus using a sensory cue to indicate subsequent action characteristics for data communications"
8250494,2009,2012,US,US,0.00017637740910173596,0.0,0.7485646331599818,0.40562051759107204,0.0006564895342639276,0.9996472451817965,User interface with parallax animation
9223411,2012,2015,US,US,0.00017637740910173596,0.0,0.7485646331599818,0.40562051759107204,0.0006564895342639276,0.9996472451817965,User interface with parallax animation
10878481,2018,2020,US,US,0.00017657811777417883,0.0,0.727471866261294,0.4726404168313756,0.006845195071003261,0.9996468437644517,Fashion preference analysis
10175845,2014,2019,US,US,0.0001766673879483246,0.0,0.8999657978271598,0.4287113226555872,0.00556230200358583,0.9996466652241034,Organizing digital notes on a user interface
10698560,2018,2020,US,US,0.0001766673879483246,0.0,0.8999657978271598,0.4287113226555872,0.00556230200358583,0.9996466652241034,Organizing digital notes on a user interface
10659405,2019,2020,US,US,0.00017668966307003036,0.0,0.7625456316187808,0.44200458562808403,0.0019793426174543717,0.9996466206738599,Avatar integration with multiple applications
10216856,2015,2019,US,US,0.0001769373126364922,0.0,0.7177866870733263,0.42922229849218624,0.003190773977365681,0.999646125374727,Mobilizing an existing web application
9253541,2013,2016,US,US,0.00017726451447751092,0.0,0.7414143510331666,0.41666529753562054,0.0004238915113161894,0.999645470971045,Method for one-click subscribing to multiple channels of information on a single topic
8634876,2009,2014,US,US,0.00017806494735390512,0.0,0.7485646331599818,0.4611918107985724,0.0013703830460163162,0.9996438701052922,Location based display characteristics in a user interface
9223412,2013,2015,US,US,0.00017806494735390512,0.0,0.7485646331599818,0.4611918107985724,0.0013703830460163162,0.9996438701052922,Location-based display characteristics in a user interface
10347248,2017,2019,US,US,0.00017830415583783402,0.0,0.7619983799911516,0.39552370408972076,0.0026146846645207864,0.9996433916883243,System and method for providing in-vehicle services via a natural language voice user interface
9008704,2012,2015,US,US,0.00017843174077738927,0.0,0.7325881945219567,0.3804154968185203,0.0001645336834290037,0.9996431365184453,Method and system for communicating user interfaces between first and second users over a network
9830054,2014,2017,US,US,0.0001786254002828393,0.0,0.7343267415621438,0.39555720324870336,0.0003938663457516712,0.9996427491994343,Service cloud console
8150894,2011,2012,US,US,0.000179151822928342,0.0,0.7325881945219567,0.4192836344109133,0.00046647873044583103,0.9996416963541433,Method and system for communicating user interfaces between first and second users over a network
8165908,2005,2012,DE,DE,0.00017953936493002106,0.0,0.7572658249231458,0.4074039855040506,0.002729361487178728,0.9996409212701399,Tool tip with additional information and task-sensitive direct access help for a user
8984409,2010,2015,US,US,0.00017965536964981453,0.0,0.7343267415621438,0.3910218927916727,0.0008249136986340344,0.9996406892607004,Service cloud console
10802674,2018,2020,KY,CN,0.00017978325946731223,0.0,0.7307023257060538,0.4285893934411979,0.0005697063525308363,0.9996404334810653,Method and apparatus for displaying function interface
8078182,2007,2011,US,US,0.0001799522015370177,0.0,0.7325881945219567,0.4398574539075263,0.00080067305889051,0.999640095596926,Method and system for communicating user interfaces between first and second users over a network
10185740,2016,2019,US,US,0.00018004458838555198,0.0,0.7238553884394511,0.389993556817258,0.005012591186341638,0.9996399108232289,Event selector to generate alternate views
10423612,2017,2019,US,US,0.00018018805023700237,0.0,0.7307023257060538,0.4547287640010658,0.0007383174828120814,0.999639623899526,Web service interface and querying
9740733,2016,2017,US,US,0.00018018805023700237,0.0,0.7307023257060538,0.4547287640010658,0.0007383174828120814,0.999639623899526,Web service interface and querying
9471690,2014,2016,US,US,0.00018018805023700237,0.0,0.7307023257060538,0.4547287640010658,0.0007383174828120814,0.999639623899526,Web service interface and querying
10803056,2019,2020,US,US,0.00018018805023700237,0.0,0.7307023257060538,0.4547287640010658,0.0007383174828120814,0.999639623899526,Web service interface and querying
10872062,2017,2020,US,US,0.0001802379068623425,0.0,0.7263754683856732,0.45430823574533286,0.00039070021831610045,0.9996395241862753,Moderated collaborative editing in collaborative content items
10412065,2016,2019,US,US,0.0001804419342720086,0.0,0.7343267415621438,0.43993271249833493,0.0011524342836867552,0.999639116131456,Migrating authenticated content towards content consumer
8843758,2011,2014,US,US,0.0001804419342720086,0.0,0.7343267415621438,0.43993271249833493,0.0011524342836867552,0.999639116131456,Migrating authenticated content towards content consumer
9509666,2014,2016,US,US,0.0001804419342720086,0.0,0.7343267415621438,0.43993271249833493,0.0011524342836867552,0.999639116131456,Migrating authenticated content towards content consumer
10440007,2015,2019,US,US,0.00018151653650267825,0.0,0.7286427686108268,0.4256178472374822,0.0011136985415979522,0.9996369669269947,Symbolic feedback for user input
9613374,2014,2017,US,US,0.00018154026084811654,0.0,0.7210212478362019,0.405738371457291,0.0004746538467420178,0.9996369194783038,Presentation of candidate domain name bundles in a user interface
10630625,2015,2020,US,IL,0.00018154223093406728,0.0,0.7238553884394511,0.40699438920920633,0.0007167462911710068,0.9996369155381318,Media object distribution
9223767,2014,2015,US,US,0.0001816408064057439,0.0,0.7177866870733263,0.37003739189088897,0.00024079707640606272,0.9996367183871885,Unified graphical user interface for displaying a plan of operations in a datacenter
9420331,2014,2016,US,US,0.00018248591904865342,0.0,0.9150824899249241,0.4319896614721256,0.017385184541033046,0.9996350281619026,Method and system for categorizing detected motion events
8494872,2010,2013,US,US,0.00018254879244144562,0.0,0.7342620529097382,0.4393325863532018,0.002017226469134603,0.9996349024151171,Personalized electronic healthcare management
10735442,2018,2020,US,US,0.00018265565489452041,0.0,0.7263754683856732,0.4375822693642077,0.0013896926052664718,0.999634688690211,Network security analysis and malware detection using multiple types of malware information
10754916,2020,2020,KR,KR,0.00018271024120929794,0.0,0.7140245007444455,0.41835621553667646,0.0003606194911005859,0.9996345795175814,Systems and methods for generating dynamic websites with hypermedia elements
10635857,2017,2020,US,US,0.00018284802237952748,0.0,0.7286427686108268,0.46298043152064405,0.001661630545726854,0.999634303955241,Card system framework
8990193,2005,2015,US,US,0.00018324385049332784,0.0,0.7177866870733263,0.4152591889587354,0.0008995416782165228,0.9996335122990133,"Method, system, and graphical user interface for improved search result displays via user-specified annotations"
9483575,2012,2016,US,JP,0.00018335137021045124,0.0,0.7095361975552416,0.39415932442283824,0.0002411299056462216,0.9996332972595791,Reproducing a graphical user interface display
9552144,2010,2017,US,US,0.00018383761875970814,0.0,0.7140245007444455,0.4670063653448633,0.000821793513286312,0.9996323247624805,Item preview with aggregation to a list
9860252,2015,2018,US,CA,0.00018406026033345892,0.0,0.7325881945219567,0.5032393389340817,0.002492917342853093,0.9996318794793331,System and method for maintenance of transitive closure of a graph and user authentication
7890885,2006,2011,US,US,0.00018415003395157812,0.0,0.7095361975552416,0.3818593438212739,0.0005669895868955585,0.9996316999320969,Content navigational shortcuts for portal environments
10547734,2018,2020,US,US,0.0001843356302977686,0.0,0.7359387913516207,0.42833303861408945,0.00289024338433422,0.9996313287394044,Augmenting messages based on sender location
10763696,2018,2020,IT,IT,0.00018460672961277867,0.0,0.769908376380838,0.4208034520151622,0.005892353752727795,0.9996307865407744,Computer-implemented method for configuring an electronic relay
10282118,2016,2019,US,US,0.00018470457586040786,0.0,0.7621574245847333,0.48822015166332733,0.0052722182610175795,0.9996305908482792,Using reason codes to determine how to handle memory device error conditions
10091287,2014,2018,US,US,0.00018483228781959236,0.0,0.7140245007444455,0.4626066077734226,0.001226338857035435,0.9996303354243609,Determining presence in an application accessing shared and synchronized content
10594788,2018,2020,US,US,0.00018483228781959236,0.0,0.7140245007444455,0.4626066077734226,0.001226338857035435,0.9996303354243609,Determining presence in an application accessing shared and synchronized content
10649859,2019,2020,KY,CN,0.00018516272747877167,0.0,0.7359387913516207,0.40588169247805705,0.0032258806438635523,0.9996296745450425,Performing a recovery process for a network node in a distributed system
9454531,2012,2016,US,US,0.00018518984700001908,0.0,0.7307023257060538,0.4801264353107562,0.0027910644223942188,0.999629620306,Media content presentation by categorizing and formatting media types
10664292,2018,2020,US,IN,0.00018521043272746063,0.0,0.7286427686108268,0.46060969740776125,0.0026240615404114907,0.9996295791345451,Web-based graphical user interface display system
5781902,1996,1998,US,US,0.0001853402049922196,0.0,0.7039867510861061,0.38105611314308496,0.005494421288536019,0.9996293195900156,"Method, computer program product, and system for extending the capabilities of an existing process to store and display foreign data"
10705669,2013,2020,US,US,0.00018540508696170572,0.0,0.7095361975552416,0.4225268473202885,0.001076214848310858,0.9996291898260766,Active impression tracking
6990491,2002,2006,US,US,0.00018572546339572064,0.0,0.8922244544845829,0.501182130830387,0.008651871537509046,0.9996285490732085,System and method for accessibility data maintenance and privilege authorization
10699237,2017,2020,US,US,0.00018576102365296053,0.0,0.7286427686108268,0.4131841369173797,0.002846604882671812,0.999628477952694,Graphical user interfaces for dynamic information technology performance analytics and recommendations
10325014,2018,2019,US,US,0.00018591302983499361,0.0,0.7263754683856732,0.46383015548083406,0.0027149060552170354,0.99962817394033,System and method for convergent document collaboration
10732952,2018,2020,US,US,0.00018611103552775108,0.0,0.750172590824399,0.46198339708631125,0.0048206316588189305,0.9996277779289445,Deployment and customization of applications at the widget level
9514717,2013,2016,FI,US,0.00018627098214690145,0.0,0.780901067689566,0.4703475866249679,0.007501042646537436,0.9996274580357062,Method and apparatus for rendering items in a user interface
6453339,1999,2002,US,US,0.00018649175632954446,0.0,0.7177866870733263,0.46029453002799925,0.0022167327757443072,0.9996270164873409,System and method of presenting channelized data
10867496,2018,2020,US,US,0.0001865369921117201,0.0,0.9150824899249241,0.43719964152667945,0.010924719127824514,0.9996269260157765,Methods and systems for presenting video feeds
9116893,2012,2015,US,US,0.00018656775794831642,0.0,0.7359387913516207,0.37450259791189666,0.0037926228146410493,0.9996268644841033,Network connected media gateway for communication networks
10218670,2015,2019,US,US,0.0001865961296455173,0.0,0.7177866870733263,0.4547909021811068,0.0022586801264961333,0.999626807740709,Presenting tasks in email application and calendar application
10216859,2016,2019,US,US,0.00018672665792094785,0.0,0.7286427686108268,0.4468330825972475,0.0032353167408527552,0.9996265466841581,Handling user interface components
7558841,2003,2009,US,US,0.00018725433383190126,0.0,0.7140245007444455,0.4029299468474711,0.007119273225911282,0.9996254913323362,"Method, system, and computer-readable medium for communicating results to a data query in a computer network"
7882447,2005,2011,US,US,0.00018774907458681082,0.0,0.7307023257060538,0.4670708968920495,0.003820037884742365,0.9996245018508264,Method and system to determine area on a user interface
10073591,2015,2018,US,US,0.00018807182117593923,0.0,0.5412417596039137,0.39085140092890885,8.682686064757842e-05,0.9996238563576482,"Device, method, and graphical user interface for navigating media content"
9652125,2015,2017,US,US,0.00018841240288796816,0.0,0.5412417596039137,0.40153725594125556,0.0004002785419319602,0.9996231751942241,"Device, method, and graphical user interface for navigating media content"
10133795,2015,2018,US,US,0.0001884744092425791,0.0,0.6967424687680841,0.448930143425192,0.001218015055550624,0.9996230511815148,Personalized metric tracking
7277870,2005,2007,US,US,0.00018853211124112283,0.0,0.7095361975552416,0.456756092217861,0.00233013269215144,0.9996229357775177,Digital content distribution using web broadcasting services
9846522,2014,2017,US,IL,0.00018867293180869186,0.0,0.5457489909523519,0.38876311702288635,0.0003165067580474657,0.9996226541363826,Alignable user interface
10280054,2016,2019,US,US,0.00018896771734892276,0.0,0.9743403734174463,0.38047405580919974,0.0169401488092249,0.9996220645653021,"Shopping facility assistance systems, devices and methods"
10877651,2017,2020,US,US,0.00018927747020219072,0.0,0.750172590824399,0.4273139759087638,0.006085445335401429,0.9996214450595956,Displaying a series of reports within a single user interface
9626719,2011,2017,US,US,0.00018927747020219072,0.0,0.750172590824399,0.4273139759087638,0.006085445335401429,0.9996214450595956,Displaying a series of reports within a single user interface
9984085,2013,2018,DE,DE,0.00018954027992860526,0.0,0.7095361975552416,0.442688847739728,0.0027299729741398476,0.9996209194401428,"Cluster storage system, process for secure erasure of data, and computer program product"
10855723,2018,2020,US,US,0.0001896234563675907,0.0,0.7238553884394511,0.48791114555241255,0.003981901293654885,0.9996207530872648,Enforcing a secure transport protocol with dynamically updated stored data
10803071,2017,2020,KY,CN,0.00018980844824733462,0.0,0.7177866870733263,0.47579455590015174,0.0035383595031869214,0.9996203831035053,Presenting a data handling method on a graphical user interface
9552433,2014,2017,,US,0.00019012845508837746,0.0,0.7177866870733263,0.44827407426265814,0.0036646514234989535,0.9996197430898233,Generic content collection systems
10216853,2014,2019,US,US,0.0001905203217159328,0.0,0.7210212478362019,0.43499741808197195,0.009011269772567406,0.9996189593565681,Method and system for implementing a VXLAN control plane
7649456,2007,2010,SE,US,0.00019053930698922586,0.0,0.5620615492417346,0.42954752188636014,0.00027709156454553926,0.9996189213860216,User interface for an electronic device used as a home controller
10871944,2019,2020,US,US,0.00019056050405731452,0.0,0.7177866870733263,0.4200993206292881,0.003834824449532234,0.9996188789918854,Implicit narration for aural user interface
10489110,2016,2019,US,US,0.00019056050405731452,0.0,0.7177866870733263,0.4200993206292881,0.003834824449532234,0.9996188789918854,Implicit narration for aural user interface
9385972,2013,2016,US,US,0.00019130887013149846,0.0,0.7095361975552416,0.424090965665744,0.0034262871291975187,0.999617382259737,Automated generation of suggestions for personalized reactions in a social network
6864106,2002,2005,US,US,0.000191532073988604,0.0,0.5481336142558966,0.5025605491496767,0.0005780825146090024,0.9996169358520228,Method and system for detecting tunnel oxide encroachment on a memory device
9002793,2012,2015,US,US,0.00019182305085707111,0.0,0.7140245007444455,0.5144139060980293,0.008926509366416575,0.9996163538982858,Database replication
9904964,2017,2018,,GB,0.00019192163254217663,0.0,0.7238553884394511,0.3747691774897848,0.004885073846127216,0.9996161567349157,System and method for travel product alignment and user interface
7913179,2007,2011,US,US,0.00019223092503771819,0.0,0.7778762304177564,0.39780787310232707,0.0014981758732666914,0.9996155381499245,"Method and apparatus for sending, retrieving and planning location relevant information"
8621374,2011,2013,US,US,0.00019223092503771819,0.0,0.7778762304177564,0.39780787310232707,0.0014981758732666914,0.9996155381499245,"Method and apparatus for sending, retrieving, and planning location relevant information"
9582177,2013,2017,US,US,0.00019223092503771819,0.0,0.7778762304177564,0.39780787310232707,0.0014981758732666914,0.9996155381499245,"Method and apparatus for sending, retrieving, and planning location relevant information"
8589407,2011,2013,US,US,0.00019250209616047698,0.0,0.7095361975552416,0.42378012559780054,0.003892447402542977,0.9996149958076791,Automated generation of suggestions for personalized reactions in a social network
9128513,2012,2015,US,US,0.00019252423916232898,0.0,0.7039867510861061,0.4444146333308909,0.0034286297703483744,0.9996149515216753,Display of an online catalog for concurrent downloading of files
9372887,2011,2016,US,JP,0.0001927767501378344,0.0,0.7307023257060538,0.5446685809149812,0.01767536432204933,0.9996144464997243,Compression ratio improvement by lazy match evaluation on the string search CAM
10536404,2013,2020,US,IN,0.00019291573837515932,0.0,0.7140245007444455,0.49698911808281554,0.004435474532686411,0.9996141685232497,Use of email to update records stored in a database server
9888451,2016,2018,JP,JP,0.0001930297411639987,0.0,0.5411594333623305,0.46031762016725863,0.0005683055323892496,0.999613940517672,Method of dynamically associating an accessory ID with a portable memory device and displaying confirmation of the association
9317391,2012,2016,US,CH,0.00019315650425646397,0.0,0.5159113629832824,0.3617251855515046,2.0441705749657323e-05,0.9996136869914871,Logging graphical user interface events
9858781,2017,2018,US,US,0.00019336071495090434,0.0,0.7592405498324114,0.41970739505131227,0.0003510041866970428,0.9996132785700982,Architecture for access management
10475273,2017,2019,US,US,0.00019336071495090434,0.0,0.7592405498324114,0.41970739505131227,0.0003510041866970428,0.9996132785700982,Architecture for access management
10636240,2019,2020,US,US,0.00019336071495090434,0.0,0.7592405498324114,0.41970739505131227,0.0003510041866970428,0.9996132785700982,Architecture for access management
10749818,2018,2020,US,US,0.00019347727433816772,0.0,0.760931628062659,0.4256488496147467,0.0005401508440505601,0.9996130454513237,Electronic mail communications
10331336,2016,2019,US,US,0.0001935123093028894,0.0,0.5279903220393846,0.4162141399263443,0.00029980187469841145,0.9996129753813943,"Devices, methods, and graphical user interfaces for messaging"
10346858,2017,2019,US,US,0.00019357120257493428,0.0,0.7238553884394511,0.4024202685509071,0.005526705801319573,0.9996128575948501,Assigning slots to user interface elements
9665556,2012,2017,US,US,0.00019357120257493428,0.0,0.7238553884394511,0.4024202685509071,0.005526705801319573,0.9996128575948501,Assigning slots to user interface elements
9176937,2012,2015,US,US,0.00019357956570294682,0.0,0.5123807149964176,0.3783995545372088,1.5804366253157363e-05,0.9996128408685941,Ensuring user interface specification accurately describes user interface after updates to user interface
9342569,2010,2016,DE,DE,0.0001937013944441756,0.0,0.5245274967777745,0.3710319618228336,7.822226808238287e-05,0.9996125972111116,System and method of adding user interface element groups
7383508,2002,2008,US,US,0.0001941478031295927,0.0,0.5439510983649302,0.327461839327953,0.00014186058584046135,0.9996117043937408,Computer user interface for interacting with video cliplets generated from digital video
9483549,2014,2016,US,US,0.00019417293025627628,0.0,0.5312009124911958,0.3757007111391428,0.0001632076347169655,0.9996116541394875,Persisting state at scale across browser sessions
9805114,2014,2017,US,US,0.00019454049733938988,0.0,0.5312009124911958,0.42123876335953475,0.0003049947558754736,0.9996109190053212,Composable selection model through reusable component
9230010,2014,2016,FI,FI,0.00019475765447551585,0.0,0.7582543145162361,0.42942529195651213,0.0008067334852127211,0.999610484691049,Task history user interface using a clustering algorithm
8874491,2008,2014,FI,FI,0.00019475765447551585,0.0,0.7582543145162361,0.42942529195651213,0.0008067334852127211,0.999610484691049,Task history user interface using a clustering algorithm
10389842,2015,2019,US,MX,0.00019495125882299123,0.0,0.7095361975552416,0.4873549957318133,0.004840283622017916,0.999610097482354,Mobile device cache updating
10504290,2018,2019,US,US,0.00019495171329769837,0.0,0.5117090116101207,0.4050209711950644,0.00026620412339709487,0.9996100965734046,User interface security in a virtual reality environment
5886697,1997,1999,US,US,0.00019518905425536842,0.0,0.5391197573839628,0.39913169189025305,0.00013156918885394927,0.9996096218914893,Method and apparatus for improved graphical user interface having anthropomorphic characters
6160551,1995,2000,US,US,0.00019521232981662966,0.0,0.5391197573839628,0.40098800173956356,0.00014050880285635946,0.9996095753403668,Graphical user interface for displaying and manipulating objects
6344861,2000,2002,US,US,0.00019521232981662966,0.0,0.5391197573839628,0.40098800173956356,0.00014050880285635946,0.9996095753403668,Graphical user interface for displaying and manipulating objects
5995106,1997,1999,US,US,0.00019525545399859507,0.0,0.5391197573839628,0.40100864395796215,0.00015706900491815448,0.9996094890920028,Graphical user interface for displaying and navigating in a directed graph structure
7240289,2002,2007,US,US,0.00019525545399859507,0.0,0.5391197573839628,0.40100864395796215,0.00015706900491815448,0.9996094890920028,Graphical user interface for displaying and navigating in a directed graph structure
9619116,2013,2017,US,US,0.00019525685590670523,0.0,0.5083765206759637,0.3631657260814498,9.975547697688172e-05,0.9996094862881866,Communication between a document editor in-space user interface and a document editor out-space user interface
8484578,2008,2013,US,US,0.00019525685590670523,0.0,0.5083765206759637,0.3631657260814498,9.975547697688172e-05,0.9996094862881866,Communication between a document editor in-space user interface and a document editor out-space user interface
6020881,1997,2000,US,US,0.0001952596906043441,0.0,0.5391197573839628,0.39668015520529726,0.0001586957149613294,0.9996094806187913,Graphical user interface with method and apparatus for interfacing to remote devices
6154209,1999,2000,US,US,0.0001952596906043441,0.0,0.5391197573839628,0.39668015520529726,0.0001586957149613294,0.9996094806187913,Graphical user interface with method and apparatus for interfacing to remote devices
9619496,2011,2017,DE,DE,0.0001955401637699456,0.0,0.7622420716559184,0.444849239717615,0.0014468473345937342,0.9996089196724601,"Method, computer readable medium and system for using large data sets in virtual applications"
8863002,2010,2014,US,US,0.00019561065966457793,0.0,0.7307023257060538,0.4743280106235861,0.006895376389414153,0.9996087786806709,Method and system to dynamically browse data items
7260007,2005,2007,US,US,0.00019579874573097473,0.0,0.5686413918836677,0.4655200087369296,0.0010698298058653848,0.999608402508538,Temperature determination and communication for multiple devices of a memory module
7890887,2002,2011,US,US,0.00019593935604637712,0.0,0.788574688193662,0.3279257608988668,0.0038415202282608063,0.9996081212879072,System and method for the operation of diagnostic medical equipment
10402049,2015,2019,US,US,0.00019606247502202548,0.0,0.5159113629832824,0.37008270134328164,0.0002530365145767683,0.999607875049956,User interface development
10642927,2017,2020,US,US,0.0001963343118003126,0.0,0.5083765206759637,0.3699028575725066,0.00011905114594030618,0.9996073313763993,Transitions between user interfaces in a content editing application
8917275,2010,2014,US,US,0.00019650927872363926,0.0,0.5617306522496066,0.40046694201759114,0.0036589997381049487,0.9996069814425527,Automated contrast verifications
10593001,2017,2020,US,US,0.00019651038551391024,0.0,0.7528121119053326,0.37834946137029457,0.0010151203510529148,0.9996069792289721,"Apparatus, system and method for generating and displaying a treatment protocol"
10608966,2018,2020,US,US,0.00019655715888826188,0.0,0.7210212478362019,0.40002343768136805,0.006433089726665864,0.9996068856822234,Techniques to customize bot messaging behavior
7729345,2005,2010,US,US,0.00019662285167129496,0.0,0.49954719961742255,0.3886479402871112,1.5437879430422278e-05,0.9996067542966575,Scalable voice over IP system providing independent call bridging for outbound calls initiated by user interface applications
6930999,2000,2005,US,US,0.00019662285167129496,0.0,0.49954719961742255,0.3886479402871112,1.5437879430422278e-05,0.9996067542966575,Scalable voice over IP system providing independent call bridging for outbound calls initiated by user interface applications
10133243,2013,2018,US,US,0.00019681072062811218,0.0,0.49954719961742255,0.3859870851440714,3.241639023605891e-05,0.9996063785587438,Method and apparatus for seamless state transfer between user interface devices in a mobile control room
10818095,2019,2020,US,US,0.00019717470548297658,0.0,0.5117090116101207,0.40841413156234835,0.00031938136579855126,0.9996056505890341,User interface security in a virtual reality environment
10664721,2019,2020,US,US,0.00019718477239378032,0.0,0.7815916640688,0.4384555696997618,0.0037220599492176526,0.9996056304552124,Systems and methods for generating graphical user interfaces
10055645,2017,2018,US,US,0.00019722330055993025,0.0,0.7572658249231458,0.39292332815505127,0.0016657760752077245,0.9996055533988801,Augmented reality user interface facilitating fulfillment
9632313,2014,2017,US,US,0.00019722330055993025,0.0,0.7572658249231458,0.39292332815505127,0.0016657760752077245,0.9996055533988801,Augmented reality user interface facilitating fulfillment
9559919,2013,2017,US,US,0.00019750693419943582,0.0,0.7039867510861061,0.5411656040328185,0.0053442900019297,0.9996049861316011,Display of port transmit and receive parameters sorted by higher of transmit or receive value
8555408,2011,2013,US,US,0.00019752619702170408,0.0,0.5148675840059811,0.36800724013905,5.638130306103835e-05,0.9996049476059566,Method and apparatus for providing a specific user interface in a system for managing content
7913095,2003,2011,US,US,0.00019752619702170408,0.0,0.5148675840059811,0.36800724013905,5.638130306103835e-05,0.9996049476059566,Method and apparatus for providing a specific user interface in a system for managing content
8489900,2011,2013,US,US,0.00019752619702170408,0.0,0.5148675840059811,0.36800724013905,5.638130306103835e-05,0.9996049476059566,Method and apparatus for providing a specific user interface in a system for managing content
9792354,2014,2017,US,US,0.00019757915240821146,0.0,0.5312009124911958,0.39850553154278756,0.00036987720840332244,0.9996048416951836,Context aware user interface parts
6363067,1999,2002,JP,US,0.0001978367920079534,0.0,0.5148675840059811,0.4169976386668295,0.00017417703346570278,0.9996043264159841,Staged partitioned communication bus for a multi-port bridge for a local area network
10007771,2016,2018,US,IN,0.00019808923744113314,0.0,0.750172590824399,0.4196314909978642,0.0013903639856390506,0.9996038215251177,User interface for a mobile device
5644782,1994,1997,US,US,0.00019814970385708728,0.0,0.6967424687680841,0.49413605283676154,0.004971157612989397,0.9996037005922859,System with virtual update capable read-only memory
8082507,2007,2011,US,US,0.00019818294489763324,0.0,0.5117090116101207,0.3486666966512819,3.634202499751198e-05,0.9996036341102047,Scalable user interface
10375208,2017,2019,CH,FI,0.00019818959467373363,0.0,0.7564859312592327,0.46468115099295737,0.01007238874228786,0.9996036208106526,Optimisation of industrial device parameters in a communications system
10592098,2016,2020,US,US,0.00019821578121304685,0.0,0.5279903220393846,0.4321528284464134,0.0003377335279829624,0.9996035684375739,"Devices, methods, and graphical user interfaces for messaging"
10735509,2018,2020,US,US,0.00019827987533400037,0.0,0.7095361975552416,0.42986524488263367,0.006109561777628473,0.999603440249332,Systems and methods for synchronizing microservice data stores
9356759,2013,2016,US,FR,0.00019839993422700227,0.0,0.5081769325796369,0.42245678476627185,0.0012799932636095128,0.999603200131546,Reassignment of unused portions of a transmission unit in a network
9681352,2014,2017,SE,FI,0.00019861187864388574,0.0,0.5062411818578184,0.33054238890961174,0.00039836758917030835,0.9996027762427122,Bearer configuration signaling
5252951,1991,1993,US,US,0.00019862371965978943,0.0,0.5497184006724585,0.3701558342490338,0.0005328263090285921,0.9996027525606804,Graphical user interface with gesture recognition in a multiapplication environment
9071509,2013,2015,US,US,0.00019862830761834384,0.0,0.7517828751419113,0.432842481029951,0.0017312013030505867,0.9996027433847633,User interface for displaying user affinity graphically
8151188,2008,2012,US,US,0.00019872905139325627,0.0,0.5497184006724585,0.4182566516126346,0.0023813962500221493,0.9996025418972135,Intelligent user interface using on-screen force feedback and method of use
5218406,1991,1993,US,US,0.0001988798508496533,0.0,0.5481336142558966,0.4638198043116522,0.0004945255817195318,0.9996022402983007,Memory card features
9063639,2012,2015,US,US,0.00019895050748811507,0.0,0.7325881945219567,0.3630724579931571,0.00021861686512481384,0.9996020989850237,Graphical interface for display of assets in an asset management system
8370224,2006,2013,US,US,0.00019895050748811507,0.0,0.7325881945219567,0.3630724579931571,0.00021861686512481384,0.9996020989850237,Graphical interface for display of assets in an asset management system
9665433,2015,2017,US,US,0.00019895050748811507,0.0,0.7325881945219567,0.3630724579931571,0.00021861686512481384,0.9996020989850237,Graphical interface for display of assets in an asset management system
7349893,2004,2008,US,US,0.00019919280174581468,0.0,0.5083765206759637,0.36895700295409134,0.00013369491882189784,0.9996016143965084,Hierarchical user interface query automation
8024200,2006,2011,US,US,0.0001992433845695191,0.0,0.7394539812281326,0.41650799591112236,0.0009134083430961318,0.999601513230861,Graphical user interface for clinical order administration scheduling
9965153,2014,2018,US,US,0.00019929836962925327,0.0,0.5037527136092089,0.3753253362231075,0.00044520809556741623,0.9996014032607415,Configuring and displaying multidimensional data using two or more correlated interactive screen interfaces
9271166,2011,2016,SE,SE,0.00019936834045329441,0.0,0.5062411818578184,0.40029343067809453,0.001086978723742756,0.9996012633190934,Multi-standard radio network node configuration data handling for network operation
9016561,2013,2015,NL,FR,0.00019937345633572203,0.0,0.4909177364156514,0.42475061803604397,2.9169271270319082e-05,0.9996012530873285,"Method, server and mobile communication device for managing unique memory device identifications"
10470080,2015,2019,SE,SE,0.00019954580671387937,0.0,0.4873859233900053,0.34740848860995893,8.64329685215348e-05,0.9996009083865722,Methods and apparatus for network communication over an interface
10122978,2014,2018,JP,SE,0.0001998020259966102,0.0,0.5841870253115693,0.41081425275185957,0.000928449082857214,0.9996003959480068,Harmonizing a projected user interface
8589256,2009,2013,,CA,0.0001998394143545941,0.0,0.7286427686108268,0.35694437769944504,0.00021696031599046894,0.9996003211712908,Method and system for creating a condition record for a linear asset
10521739,2019,2019,CA,CA,0.0001998631064293091,0.0,0.7286427686108268,0.359422053456755,0.00022584819594234737,0.9996002737871413,Method and system for displaying a condition status of a component of a linear asset system
10134154,2016,2018,US,US,0.00019994892029047,0.0,0.5532144387930827,0.46413548298975604,0.0013290030540655876,0.9996001021594191,Selective dynamic color management for user interface components of a media player
10853976,2018,2020,US,US,0.00019994892029047,0.0,0.5532144387930827,0.46413548298975604,0.0013290030540655876,0.9996001021594191,Selective dynamic color management for user interface components of a media player
10135517,2016,2018,CA,US,0.0001999804819549264,0.0,0.5133300098964283,0.40825948853352134,0.001920315031730755,0.9996000390360902,Relay link HARQ operation
9439216,2012,2016,CA,US,0.00020004965318729328,0.0,0.5133300098964283,0.40814781668501926,0.0019462427830686324,0.9995999006936254,Relay link HARQ operation
7617453,1999,2009,US,US,0.00020017478342132126,0.0,0.4873859233900053,0.3713915814500657,2.9222961006867714e-05,0.9995996504331573,Method and system for generating a user interface for distributing devices
10776246,2018,2020,US,CA,0.0002002801339495364,0.0,0.7502347238396164,0.40767965367984643,0.0022203079619710258,0.999599439732101,Presenting a temporal topology graph of a computing environment at a graphical user interface
10606539,2015,2020,US,US,0.00020036737703270002,0.0,0.5177238444337608,0.4225271440970439,0.0002731446299158907,0.9995992652459346,System and method of updating a dynamic input and output device
10678328,2015,2020,NL,US,0.00020038031622101595,0.0,0.8111950291301472,0.4194642480963054,0.007447533582832985,0.999599239367558,Automatic radiology reading session detection
10499233,2018,2019,US,US,0.00020071557320588436,0.0,0.7682024240355538,0.43912200878582863,0.0039127766629423345,0.9995985688535882,Dynamic vehicle disaster relief
10396931,2014,2019,SE,SE,0.0002007443917709702,0.0,0.49954719961742255,0.4140864073386482,0.001032786836357236,0.999598511216458,"First network node, second network node and methods for transmitting and receiving a protocol data unit"
9877348,2013,2018,SE,SE,0.0002008682360309977,0.0,0.4833834258768555,0.3406412638426869,0.00024090691286453062,0.999598263527938,Method and apparatus for establishing a backhaul link
9430448,2009,2016,US,US,0.0002009223723017625,0.0,0.7457854392163682,0.4627002667043547,0.010188134787087437,0.9995981552553965,System and methods for the cluster of media
9197513,2013,2015,US,US,0.00020092333913489458,0.0,0.49954719961742255,0.3756687373440404,3.0557861591676164e-05,0.9995981533217302,Computer implemented methods and apparatus for representing a portion of a user interface as a network address
10585564,2015,2020,US,US,0.00020092333913489458,0.0,0.49954719961742255,0.3756687373440404,3.0557861591676164e-05,0.9995981533217302,Computer implemented methods and apparatus for representing a portion of a user interface as a network address
8324896,2010,2012,DE,DE,0.000200938292485259,0.0,0.5207824348180637,0.46174150380352796,0.001843956371454695,0.9995981234150295,Preallocatable transmission data memory element of an MR transmission unit in array applications
8418070,2008,2013,DE,DE,0.00020097291864016944,0.0,0.4915896241723727,0.3979353390030988,3.703194566661728e-05,0.9995980541627196,Developing user interface element settings
10720238,2014,2020,US,US,0.00020105212163939483,0.0,0.7436470147445859,0.4664798411024333,0.010054483628399068,0.9995978957567212,Providing an interactive emergency department dashboard display
10754921,2019,2020,US,CH,0.00020115844609449007,0.0,0.5683116480784113,0.4291941781105822,8.41860439607205e-05,0.999597683107811,Resistive memory device with scalable resistance to store weights
10564834,2018,2020,DE,DE,0.00020123980943133698,0.0,0.4909177364156514,0.3854004216423603,7.932921935311088e-05,0.9995975203811374,User interface element consistency across cloud-based applications
7209913,2001,2007,US,US,0.0002013094948587644,0.0,0.4915896241723727,0.39726287975256536,0.0005660888367396569,0.9995973810102825,Method and system for searching and retrieving documents
8270941,2006,2012,US,US,0.00020144323708643823,0.0,0.49954719961742255,0.41383714471486716,0.00022430219180776358,0.9995971135258271,System and method for downloading user interface components to wireless devices
8666363,2012,2014,US,US,0.00020144323708643823,0.0,0.49954719961742255,0.41383714471486716,0.00022430219180776358,0.9995971135258271,System and method for downloading user interface components to wireless devices
10318109,2017,2019,US,US,0.0002015226684029691,0.0,0.49407782975040093,0.38890272530480935,0.00045366353947478964,0.9995969546631941,Emoji suggester and adapted user interface
8931011,2012,2015,US,US,0.00020156277541810943,0.0,0.7286427686108268,0.4534470560058241,0.000860731523945103,0.9995968744491638,Systems and methods for streaming media content
9832249,2015,2017,US,US,0.00020156277541810943,0.0,0.7286427686108268,0.4534470560058241,0.000860731523945103,0.9995968744491638,Systems and methods for streaming media content
9971482,2015,2018,US,US,0.00020157697172905225,0.0,0.7343267415621438,0.44409147542857236,0.0013499053514792131,0.9995968460565419,Service cloud console
8843853,2007,2014,US,US,0.00020157796470456456,0.0,0.7238553884394511,0.38831920875511694,0.00045881708992081687,0.9995968440705909,Home screen user interface for electronic device display
9753608,2015,2017,US,US,0.0002015913179091019,0.0,0.7238553884394511,0.38745039266464754,0.00046378336523418063,0.9995968173641818,Home screen user interface for electronic device display
10775962,2018,2020,US,US,0.0002015913179091019,0.0,0.7238553884394511,0.38745039266464754,0.00046378336523418063,0.9995968173641818,Home screen user interface for electronic device display
9880700,2014,2018,US,US,0.0002015913179091019,0.0,0.7238553884394511,0.38745039266464754,0.00046378336523418063,0.9995968173641818,Home screen user interface for electronic device display
10736167,2017,2020,SE,SE,0.00020159868781781325,0.0,0.4909177364156514,0.3993658473634937,0.0006165143235793668,0.9995968026243643,Method and a first node for decoupling SCTP and S1AP
10031489,2013,2018,US,US,0.0002016237305196104,0.0,0.49954719961742255,0.40158190318501624,0.000291447694656698,0.9995967525389607,Method and apparatus for seamless state transfer between user interface devices in a mobile control room
7983489,2010,2011,US,US,0.00020171960588483462,0.0,0.7468407945564849,0.38924891475093304,0.0024682953121184553,0.9995965607882303,User interface for navigating through images
7764849,2006,2010,US,US,0.00020171960588483462,0.0,0.7468407945564849,0.38924891475093304,0.0024682953121184553,0.9995965607882303,User interface for navigating through images
9122887,2013,2015,US,US,0.00020172305309803954,0.0,0.7238553884394511,0.4345865167613845,0.0005127602180465717,0.999596553893804,User interface for secure virtual document management system
9830468,2015,2017,US,US,0.00020172305309803954,0.0,0.7238553884394511,0.4345865167613845,0.0005127602180465717,0.999596553893804,User interface for secure virtual document management system
9703452,2015,2017,US,US,0.0002017556883613914,0.0,0.7485646331599818,0.44424203132842927,0.0026284603307230796,0.9995964886232772,Mobile communications device user interface
9218067,2009,2015,US,US,0.0002017556883613914,0.0,0.7485646331599818,0.44424203132842927,0.0026284603307230796,0.9995964886232772,Mobile communications device user interface
10212111,2015,2019,US,US,0.00020178012319354655,0.0,0.890857779132246,0.4099425412344023,0.0013858931130056313,0.9995964397536129,System and interface that facilitate selecting videos to share in a messaging application
10798035,2019,2020,US,US,0.00020178012319354655,0.0,0.890857779132246,0.4099425412344023,0.0013858931130056313,0.9995964397536129,System and interface that facilitate selecting videos to share in a messaging application
9667485,2011,2017,US,US,0.00020182327461655336,0.0,0.4909177364156514,0.42963077870456534,0.0010932641247758906,0.9995963534507669,Methods and apparatus for a self-organized layer-2 enterprise network architecture
10015046,2017,2018,US,US,0.00020182327461655336,0.0,0.4909177364156514,0.42963077870456534,0.0010932641247758906,0.9995963534507669,Methods and apparatus for a self-organized layer-2 enterprise network architecture
10185542,2014,2019,US,US,0.00020185470499628196,0.0,0.4915896241723727,0.2894251702191684,0.00036526134330184813,0.9995962905900074,"Device, method, and graphical user interface for enabling conversation persistence across two or more instances of a digital assistant"
7051012,2002,2006,US,US,0.0002018944849320374,0.0,0.750172590824399,0.4002195104437658,0.0028169098031437505,0.999596211030136,User interface system for maintaining organization related information for use in supporting organization operation
9003299,2012,2015,US,US,0.0002019075949780123,0.0,0.7210212478362019,0.42190955946272296,0.00034003707496195343,0.999596184810044,Extensible application state preservation architecture
10762105,2018,2020,US,US,0.0002019378660336603,0.0,0.7210212478362019,0.4215152398574266,0.00035127652947860796,0.9995961242679327,Extensible application state preservation architecture
10031959,2015,2018,US,US,0.0002019378660336603,0.0,0.7210212478362019,0.4215152398574266,0.00035127652947860796,0.9995961242679327,Extensible application state preservation architecture
10630659,2016,2020,US,US,0.00020199124612109347,0.0,0.4909177364156514,0.4068313194741058,0.00035875834100857845,0.9995960175077578,Scalable security key architecture for network encryption
10601648,2016,2020,US,US,0.0002020487564237848,0.0,0.4873859233900053,0.4170392843103816,0.0007278276697314081,0.9995959024871525,Network nodes with intelligent integration
8743725,2012,2014,SE,SE,0.00020209116892455192,0.0,0.759425604414424,0.4447685129302859,0.011784226568033886,0.9995958176621509,Method and arrangement for positioning a wireless device
8549092,2009,2013,US,US,0.0002021055786114197,0.0,0.4833834258768555,0.4301566951861071,0.0007344492223766677,0.9995957888427771,"Memory network methods, apparatus, and systems"
10681136,2018,2020,US,US,0.0002021055786114197,0.0,0.4833834258768555,0.4301566951861071,0.0007344492223766677,0.9995957888427771,"Memory network methods, apparatus, and systems"
7203486,2003,2007,FR,US,0.00020211602740934578,0.0,0.49693689650465955,0.400473050272263,0.00025205949783742846,0.9995957679451813,Wireless system having a dynamically configured multimodal user interface based on user preferences
9699243,2013,2017,US,IL,0.00020215644156785657,0.0,0.49693689650465955,0.3896354965562151,0.0002670491771192664,0.9995956871168643,User interface delegation to a delegated device
9860691,2016,2018,SE,SE,0.00020227498893500727,0.0,0.7663379523246925,0.4624818444607722,0.004334280900028823,0.99959545002213,Nodes and methods for enhancing positioning
9319895,2014,2016,SE,SE,0.00020227498893500727,0.0,0.7663379523246925,0.4624818444607722,0.004334280900028823,0.99959545002213,Nodes and methods for enhancing positioning
10684738,2017,2020,US,US,0.00020228584173130303,0.0,0.7210212478362019,0.382041217670478,0.00048035689757584246,0.9995954283165374,Social retail platform and system with graphical user interfaces for presenting multiple content types
9881330,2015,2018,US,US,0.00020229294713772073,0.0,0.7238553884394511,0.4457495582062724,0.0007242691674368552,0.9995954141057246,"System, method and graphical user interface for managing contacts and calendars within an online card system"
9525973,2011,2016,SE,SE,0.00020232871609348233,0.0,0.5739996938374289,0.4265808891011159,0.0039855706645145995,0.999595342567813,Radio network node and methods therein
7787463,2006,2010,US,US,0.0002023333830816295,0.0,0.49407782975040093,0.4555600290842608,8.924093190243764e-05,0.9995953332338368,Content aware apparatus and method
8315634,2004,2012,SE,SE,0.00020241342411215826,0.0,0.4909177364156514,0.43611359312267944,0.0005152937451110994,0.9995951731517757,Routing based on transmission utilization
10402210,2016,2019,DE,DE,0.00020246384021770826,0.0,0.5083765206759637,0.40374689908071276,0.0002577492618761685,0.9995950723195646,Optimizing user interface requests for backend processing
10248302,2016,2019,US,US,0.00020246720215137296,0.0,0.7654348351742317,0.404686942522427,0.004328605327368942,0.9995950655956972,Scheduling customizable electronic notifications
9805406,2013,2017,US,US,0.0002024943292239116,0.0,0.7238553884394511,0.45778774008301176,0.0007988671523085724,0.9995950113415522,Embeddable media content search widget
9467346,2014,2016,US,US,0.0002025463984979126,0.0,0.49407782975040093,0.4217606770910544,0.00016813022832874516,0.9995949072030041,Interpreting a gesture-based instruction to selectively display a frame of an application user interface on a mobile computing device
8730269,2011,2014,US,US,0.0002025463984979126,0.0,0.49407782975040093,0.4217606770910544,0.00016813022832874516,0.9995949072030041,Interpreting a gesture-based instruction to selectively display a frame of an application user interface on a mobile computing device
8677448,2011,2014,US,US,0.0002025709550512443,0.0,0.8963948467683377,0.4507735950047427,0.00215054444984944,0.9995948580898976,Graphical user interface including usage trending for sensitive files
7624164,2007,2009,US,US,0.0002025972367635574,0.0,0.4833834258768555,0.3898918062334599,0.000590327752487428,0.9995948055264728,Method and apparatus for retrieving network configuration from a remote network node
8351452,2007,2013,SE,SE,0.00020261696381956043,0.0,0.4833834258768555,0.3865664556533195,0.0003528301097293666,0.9995947660723609,Media transport protocol selection
10535037,2016,2020,US,US,0.00020266038863700063,0.0,0.753062161329797,0.416452122628468,0.0033467846209058543,0.999594679222726,Targeted location product delivery systems and methods
10516569,2013,2019,SE,SE,0.00020270398574745246,0.0,0.5062411818578184,0.41393075048015143,0.002724246869112525,0.9995945920285051,Configuration of network nodes
6529961,1999,2003,US,US,0.0002027203352233009,0.0,0.7663379523246925,0.37418886958125536,0.0044991658913110305,0.9995945593295534,Network transceiver having media independent interface operable in a general purpose serial interface mode
5671408,1994,1997,GB,GB,0.00020278859098237333,0.0,0.7238553884394511,0.3476858359163368,0.0009077372933756131,0.9995944228180352,Network support system
10555214,2016,2020,DE,DE,0.00020285747440467814,0.0,0.49407782975040093,0.3841227526856807,0.0002831868926797216,0.9995942850511906,"Coexistence of software defined network, network function virtualization and legacy networks"
9414297,2007,2016,DE,DE,0.00020292138544468933,0.0,0.4833834258768555,0.4232337642275971,0.0007101856858289554,0.9995941572291106,Method and network node for routing data packets in communication networks
6826190,2000,2004,DE,DE,0.00020294302070065947,0.0,0.47876556408853527,0.38640629332200277,0.0004735235509877315,0.9995941139585987,Method for controlling a network node and a telecommunications network together and a network node
9746987,2016,2017,US,US,0.0002029844017535177,0.0,0.9025829460638793,0.43556897427544405,0.0028302189752126383,0.9995940311964929,Changing a controlling device interface based on device orientation
9880695,2015,2018,US,US,0.0002029844017535177,0.0,0.9025829460638793,0.43556897427544405,0.0028302189752126383,0.9995940311964929,Changing a controlling device interface based on device orientation
9857937,2016,2018,US,US,0.0002029844017535177,0.0,0.9025829460638793,0.43556897427544405,0.0028302189752126383,0.9995940311964929,Changing a controlling device interface based on device orientation
9513786,2016,2016,US,US,0.0002029844017535177,0.0,0.9025829460638793,0.43556897427544405,0.0028302189752126383,0.9995940311964929,Changing a controlling device interface based on device orientation
9948544,2014,2018,NL,CH,0.00020300132812013717,0.0,0.4909177364156514,0.3972637215575727,0.0007327342217278708,0.9995939973437598,Localizing and placement of network node functions in a network
10761706,2016,2020,US,AU,0.00020303591456224485,0.0,0.4909177364156514,0.35603569900863885,8.007821441868912e-05,0.9995939281708756,Navigating an operational user interface for a building management system
8640035,2004,2014,US,US,0.00020316520509984008,0.0,0.4833834258768555,0.33339446422057084,0.00015181471731569554,0.9995936695898003,Identity based user interface
10067639,2014,2018,US,US,0.00020316520509984008,0.0,0.4833834258768555,0.33339446422057084,0.00015181471731569554,0.9995936695898003,Identity based user interface
7890353,2001,2011,US,US,0.00020322817721074717,0.0,0.7436470147445859,0.3719657556274308,0.002755000596450541,0.9995935436455785,"Computerized method and system of liability assessment for an accident using environmental, vehicle, and driver conditions and driver actions"
10606859,2014,2020,US,US,0.00020327092473091068,0.0,0.7325881945219567,0.42609532439797543,0.0018292984852195716,0.9995934581505381,Client side system and method for search backed calendar user interface
10846297,2020,2020,US,US,0.00020327092473091068,0.0,0.7325881945219567,0.42609532439797543,0.0018292984852195716,0.9995934581505381,Client side system and method for search backed calendar user interface
8296326,2010,2012,US,US,0.00020327637666498827,0.0,0.7177866870733263,0.3885696603470759,0.0005712127498710903,0.99959344724667,Grid-based user interface techniques for interacting with nested hierarchical data structures
8972888,2010,2015,US,US,0.00020332229695510737,0.0,0.7238553884394511,0.4246051069067702,0.001104793920397401,0.9995933554060897,Graphical user interface for filtering a population of items
7721230,2006,2010,US,US,0.00020332229695510737,0.0,0.7238553884394511,0.4246051069067702,0.001104793920397401,0.9995933554060897,Graphical user interface for filtering a population of items
7080328,2001,2006,US,US,0.00020332229695510737,0.0,0.7238553884394511,0.4246051069067702,0.001104793920397401,0.9995933554060897,Graphical user interface for filtering a population of items
8156161,2010,2012,TW,US,0.00020334822397858286,0.0,0.5037527136092089,0.40077725940860404,0.00019088648053162927,0.9995933035520428,System and method for displaying data on a thin client
9787759,2013,2017,US,US,0.0002033723646607798,0.0,0.4909177364156514,0.40747337032732106,0.00020421246935237183,0.9995932552706784,Method and apparatus for providing shared user interface view
10795700,2016,2020,IE,US,0.00020340085640851966,0.0,0.47876556408853527,0.3777434244980806,0.0002491955912617369,0.999593198287183,Video-integrated user interfaces
9996364,2014,2018,US,US,0.00020352381421220972,0.0,0.5686413918836677,0.41172725169107105,0.0009886988883081912,0.9995929523715755,Vehicle user interface adaptation
7096247,2002,2006,US,US,0.0002035277378846283,0.0,0.5148675840059811,0.39176920292592504,0.0029658191093982927,0.9995929445242308,Apparatus and methods for receiving data at high speed using TCP/IP
7848938,2001,2010,US,US,0.00020358389946750787,0.0,0.7436470147445859,0.36920185113376763,0.0028861151286670313,0.999592832201065,Computerized method and system of assigning an absolute liability value for an accident
8060389,2005,2011,US,US,0.00020362117789652539,0.0,0.9043780099852171,0.49081470197735066,0.003217864723470525,0.999592757644207,System and method for anonymous location based services
10079892,2010,2018,US,US,0.00020367895145577888,0.0,0.7177866870733263,0.31727685640187514,0.0007195442971595329,0.9995926420970884,System and method for suggesting automated assistants based on a similarity vector in a graphical user interface for managing communication sessions
8959429,2012,2015,US,US,0.00020369178793972216,0.0,0.7177866870733263,0.4457495582062724,0.0007242691674368552,0.9995926164241206,"System, method and graphical user interface for managing contacts and calendars within an online card system"
9931511,2014,2018,US,US,0.00020372043819253627,0.0,0.5617306522496066,0.4013210357971492,0.00047276307365602194,0.9995925591236149,Method and apparatus for visualizing a migration history of pain maps and stimulation maps
10237022,2014,2019,FR,DE,0.00020379213856746577,0.0,0.4873859233900053,0.4163513756681125,0.0017492335634876348,0.9995924157228651,Method for a first network node for transmitting or retransmitting data to a second network node and first network node thereof and method for a second network node for receiving data transmitted or retransmitted from a first network node and second network node thereof
10524217,2016,2019,SE,SE,0.00020385629944313523,0.0,0.4833834258768555,0.43334680330802683,0.001293345400725588,0.9995922874011137,"First network node, a second network node, a third network node, and methods therein for establishment of a neighbour relation"
9286061,2010,2016,US,CN,0.00020388630786799194,0.0,0.7582543145162361,0.4486148366750304,0.004240961947737108,0.999592227384264,Generating and managing electronic documentation
9659067,2015,2017,US,BR,0.00020396817001212947,0.0,0.5083765206759637,0.4280741399488005,0.0008127461773082,0.9995920636599758,Providing a search results document that includes a user interface for performing an action in connection with a web page identified in the search results document
10878008,2019,2020,US,US,0.0002039827421848613,0.0,0.8972178390895065,0.465476722961791,0.016106794317810327,0.9995920345156303,User support with integrated conversational user interfaces and social question answering
8196038,2010,2012,US,US,0.0002040333929862659,0.0,0.7177866870733263,0.44311440228916504,0.0008498983578193171,0.9995919332140275,"System, method and graphical user interface for managing contacts and calendars within an online card system"
7349859,2000,2008,US,US,0.00020405738084486408,0.0,0.5290560567943436,0.36203979443798406,0.0007972190158959158,0.9995918852383102,Data management system for patient data
9722911,2012,2017,US,US,0.0002040786871221812,0.0,0.49693689650465955,0.40569351012981714,0.0020456058781189424,0.9995918426257556,Signaling existence of a network node that is in a reduced-power mode
9146656,2012,2015,US,US,0.00020415848655663972,0.0,0.7210212478362019,0.4308972502847053,0.0011712181842659884,0.9995916830268867,Notifications user interface
8930233,2011,2015,US,US,0.00020417207867592235,0.0,0.904937617595053,0.49237944472890893,0.003468072159417028,0.9995916558426482,System and method for anonymous location based services
8806347,2005,2014,JP,US,0.00020419532787475708,0.0,0.47330853536642037,0.4078576142391171,7.68912145216693e-05,0.9995916093442505,Systems and methods for providing distributed user interfaces to configure client devices
10179937,2015,2019,US,US,0.00020424298582968198,0.0,0.9179898032260542,0.3951152343534062,0.0046052765978361054,0.9995915140283407,Detecting mutations and ploidy in chromosomal segments
7620979,2004,2009,FI,FI,0.0002043082531550167,0.0,0.47876556408853527,0.42384617172106115,0.0005829148203196213,0.9995913834936899,Supporting mobile internet protocol in a correspondent node firewall
8782555,2007,2014,US,US,0.00020446006783236378,0.0,0.5219227935717694,0.421220303909909,0.0003377486467751385,0.9995910798643353,Nested user interfaces for multiple displays
9432461,2015,2016,US,US,0.000204483476108831,0.0,0.7286427686108268,0.44720306206144556,0.0019393115847270545,0.9995910330477823,"Methods, devices, systems, and computer program products for managing and delivering media content"
10809901,2016,2020,US,US,0.00020451485776540202,0.0,0.4909177364156514,0.4319501732003515,0.0006242115823555731,0.9995909702844692,Providing a user interface that maintains information and context continuity while transitioning between views pertaining to different types of enterprise data
9646717,2012,2017,IT,IT,0.00020454378266416875,0.0,0.5714445779540068,0.47526242996453005,0.004584376973392424,0.9995909124346717,Memory device with internal measurement of functional parameters
10720223,2017,2020,IT,IT,0.00020454378266416875,0.0,0.5714445779540068,0.47526242996453005,0.004584376973392424,0.9995909124346717,Memory device with internal measurement of functional parameters
10382518,2016,2019,US,US,0.0002045917979813225,0.0,0.7210212478362019,0.40427308749871477,0.0013301739086979635,0.9995908164040374,Low latency applications using multiple servers
6912579,2000,2005,NL,GB,0.00020462593865622385,0.0,0.4708275853165822,0.34086298788283403,2.36181239647492e-05,0.9995907481226876,System and method for controlling an apparatus having a dedicated user interface from a browser
10739431,2016,2020,NL,NL,0.00020468186266823685,0.0,0.7930046160723637,0.37688795432819555,0.01559790801190286,0.9995906362746635,Magnetic resonance examination system with a user interface
8806360,2010,2014,US,US,0.0002046819151835941,0.0,0.4833834258768555,0.40793224369176473,4.400959174836593e-05,0.9995906361696328,Computing resource management in information technology systems
9785320,2014,2017,US,US,0.00020469189937375473,0.0,0.4982831441205298,0.38125327481899,0.00021901812962459648,0.9995906162012524,Service gallery user interface presentation
8407294,2005,2013,US,US,0.000204835148468554,0.0,0.7238553884394511,0.49392384397615596,0.001660575794464222,0.9995903297030629,Unified messaging system using web based application server for management of messages using standardized servers
6990514,2000,2006,US,US,0.000204835148468554,0.0,0.7238553884394511,0.49392384397615596,0.001660575794464222,0.9995903297030629,Unified messaging system using web based application server for management of messages using standardized servers
6990495,2001,2006,US,US,0.0002048482045638177,0.0,0.7177866870733263,0.4290411949633935,0.0011487076975819305,0.9995903035908724,System and method for finding persons in a corporate entity
10268355,2016,2019,US,US,0.00020489477290941305,0.0,0.48296496450563237,0.40379038433191866,8.631179442063689e-05,0.9995902104541812,User interface design system
8972869,2010,2015,US,US,0.00020494885330248416,0.0,0.7238553884394511,0.4197842915972211,0.0017021819992979754,0.9995901022933951,Method and system for managing a virtual meeting
10454814,2017,2019,US,CA,0.00020495207009698293,0.0,0.47876556408853527,0.4120532036819457,0.0008187981041481788,0.9995900958598061,Techniques for preferred path local switching in EVPN-VPWS
8693693,2008,2014,JP,JP,0.00020496145030879547,0.0,0.504171623089192,0.47264834369230874,0.0008189858953540221,0.9995900770993824,"Information processing apparatus, content providing system, information processing method, and computer program"
9619577,2011,2017,US,JP,0.00020502584150138456,0.0,0.7095361975552416,0.4052083868105238,0.0005113044636476711,0.9995899483169972,Reproducing a graphical user interface display
8725949,2013,2014,US,US,0.0002050282914890126,0.0,0.5083765206759637,0.40725473997904427,0.001201407251239219,0.999589943417022,Asynchronous data binding
8499122,2011,2013,US,US,0.0002050282914890126,0.0,0.5083765206759637,0.40725473997904427,0.001201407251239219,0.999589943417022,Asynchronous data binding
5877766,1997,1999,US,US,0.00020503943520797723,0.0,0.5037527136092089,0.4168344199689679,0.0008118435635769256,0.999589921129584,Multi-node user interface component and method thereof for use in accessing a plurality of linked records
6072490,1999,2000,US,US,0.00020503943520797723,0.0,0.5037527136092089,0.4168344199689679,0.0008118435635769256,0.999589921129584,Multi-node user interface component and method thereof for use in accessing a plurality of linked records
7889660,2007,2011,US,US,0.00020505789982961197,0.0,0.504171623089192,0.4015773800531943,0.0008542578837713796,0.9995898842003408,System and method for synchronizing counters on an asynchronous packet communications network
7788679,2003,2010,US,US,0.00020506756071499255,0.0,0.4666384716340492,0.3400325750123921,7.341529682570457e-05,0.99958986487857,User interface with context-based communication using media prediction
6853391,2001,2005,US,US,0.00020510378187001124,0.0,0.5037527136092089,0.41859379658733903,0.0008353682982358181,0.99958979243626,Multi-node user interface component and method thereof for use in performing a common operation on linked records
10489593,2017,2019,US,US,0.00020511585285518178,0.0,0.5159113629832824,0.3896750952038824,6.606068606692009e-05,0.9995897682942896,Mitigation of malicious actions associated with graphical user interface elements
10198448,2013,2019,US,US,0.00020514694013419404,0.0,0.7140245007444455,0.4077350826033022,0.0009376768331366133,0.9995897061197316,System and method for displaying social network analytics
8073565,2007,2011,US,US,0.00020516752265809822,0.0,0.904937617595053,0.4906041149037655,0.0038327152471352454,0.9995896649546838,System and method for alerting a first mobile data processing system nearby a second mobile data processing system
9100793,2011,2015,US,US,0.00020516752265809822,0.0,0.904937617595053,0.4906041149037655,0.0038327152471352454,0.9995896649546838,System and method for alerting a first mobile data processing system nearby a second mobile data processing system
7123831,2002,2006,DE,DE,0.00020518021473826082,0.0,0.49693689650465955,0.41319887390864496,0.0020455856561350768,0.9995896395705235,Device and method for restoring connections in automatically switchable optical networks
6404446,2000,2002,US,US,0.00020518572244778167,0.0,0.5037527136092089,0.4169420440577713,0.0008653145790540641,0.9995896285551045,Multi-node user interface component and method thereof for use in displaying visual indication of search results
9177298,2009,2015,US,US,0.0002051893438232226,0.0,0.47330853536642037,0.36022024783911405,3.7368369114114286e-05,0.9995896213123535,Abbreviated user interface for instant messaging to minimize active window focus changes
6598089,2000,2003,FR,BE,0.00020520829455145196,0.0,0.4666384716340492,0.38164500037965743,0.0004511345939043117,0.9995895834108971,Method of supporting communication between network nodes
8670404,2011,2014,JP,JP,0.00020523077608331733,0.0,0.5329107165953632,0.5156361074747129,0.0033640828541666038,0.9995895384478334,Information downloading apparatus and mobile terminal
10630847,2016,2020,SE,DE,0.00020523197148931518,0.0,0.4873859233900053,0.44072444488673923,0.0005859638893175075,0.9995895360570214,Methods and nodes for enabling management of traffic steering policy
9164776,2010,2015,DE,DE,0.00020524674513932196,0.0,0.48296496450563237,0.39615617652455204,0.00021499118993133107,0.9995895065097213,Dynamic determination of navigation targets in a flexible user interface environment
7257206,2002,2007,US,IN,0.00020524684012434552,0.0,0.4909177364156514,0.37129245905222014,0.0008920691208982905,0.9995895063197513,Skip tracing system
7724288,2004,2010,US,US,0.0002053355428593828,0.0,0.5148675840059811,0.41323414571355505,5.7457660764797637e-05,0.9995893289142812,Method of providing photofinishing services
9813839,2013,2017,SE,SE,0.0002053397308188059,0.0,0.5081769325796369,0.44239358133448686,0.0012982136386015895,0.9995893205383624,Intermediate network node providing a service to a mobile terminal in a wireless communications network
7861181,2003,2010,US,US,0.00020537098795254144,0.0,0.5204469593074291,0.42114144781819685,0.0005453872837367556,0.9995892580240949,Autonomic user interface widgets
10852935,2016,2020,US,US,0.00020538089005389543,0.0,0.5279903220393846,0.4366205257290221,0.001191191074409762,0.9995892382198922,"Devices, methods, and graphical user interfaces for messaging"
8893078,2010,2014,DE,DE,0.00020539189451606866,0.0,0.47330853536642037,0.38513945142162503,0.0001113406489528034,0.9995892162109679,Simplified business object model for a user interface
10303546,2016,2019,US,US,0.0002054453489570955,0.0,0.7437102162337046,0.4806304767447581,0.003573887599935781,0.9995891093020858,Accessing data when transferring the data between storage facilities
8334777,2010,2012,US,US,0.0002055573780987713,0.0,0.5411594333623305,0.39123654681681913,0.0023767149827326885,0.9995888852438024,Patient room and bed management apparatus and system
10303420,2017,2019,US,US,0.0002055670687153251,0.0,0.7177866870733263,0.4350091691072678,0.0014113459961064933,0.9995888658625693,Proactive staged distribution of document activity indicators
8595236,2009,2013,US,IN,0.00020561769699547103,0.0,0.4982831441205298,0.38727413211283207,0.0005573472659673066,0.9995887646060091,"Searching existing user interfaces to enable design, development and provisioning of user interfaces"
10848414,2018,2020,US,US,0.00020563878553111806,0.0,0.4833834258768555,0.41707870049336704,0.0014627158924931459,0.9995887224289378,Methods and apparatus for a scalable network with efficient link utilization
10148550,2012,2018,US,US,0.00020563878553111806,0.0,0.4833834258768555,0.41707870049336704,0.0014627158924931459,0.9995887224289378,Methods and apparatus for a scalable network with efficient link utilization
10796339,2018,2020,US,US,0.00020567225640343148,0.0,0.7238553884394511,0.4641411091647503,0.0019663461546437816,0.9995886554871931,Detecting expired content within slots in a user interface
10082933,2017,2018,US,IN,0.00020568840086352528,0.0,0.504171623089192,0.40876550214135343,0.0010844268966207346,0.9995886231982729,Context sensitive active fields in user interface
10579214,2015,2020,US,IN,0.00020568840086352528,0.0,0.504171623089192,0.40876550214135343,0.0010844268966207346,0.9995886231982729,Context sensitive active fields in user interface
9495346,2016,2016,US,IN,0.00020568840086352528,0.0,0.504171623089192,0.40876550214135343,0.0010844268966207346,0.9995886231982729,Context sensitive active fields in user interface
9696876,2016,2017,US,IN,0.00020568840086352528,0.0,0.504171623089192,0.40876550214135343,0.0010844268966207346,0.9995886231982729,Context sensitive active fields in user interface
9569070,2013,2017,US,US,0.00020569065751924125,0.0,0.7210212478362019,0.3841662674223047,0.001731774686535237,0.9995886186849615,Assisting in deconflicting concurrency conflicts
7571391,2003,2009,DE,DE,0.0002056986103629967,0.0,0.4708275853165822,0.3449306984031398,1.2005022285983337e-05,0.999588602779274,Selective rendering of user interface of computer program
8117553,2004,2012,DE,DE,0.00020570957817895617,0.0,0.4708275853165822,0.3701453174087557,1.6002460303022515e-05,0.9995885808436421,Method and system to maintain a user interface context
9565224,2013,2017,US,US,0.0002057609398891327,0.0,0.49693689650465955,0.4334829784649209,0.0004949486487820737,0.9995884781202218,"Methods, systems, and media for presenting a customized user interface based on user actions"
9596070,2013,2017,SE,SE,0.00020581218076973367,0.0,0.5062411818578184,0.3637968204672783,0.001305718533661363,0.9995883756384605,Methods and apparatuses for device-to-device communication
7213005,2000,2007,US,US,0.00020584105364996791,0.0,0.7095361975552416,0.45135536318649266,0.0008088164452305198,0.9995883178927001,Digital content distribution using web broadcasting services
7492395,2003,2009,US,US,0.00020585134140632195,0.0,0.5148675840059811,0.36099030407881455,0.00024555192663959843,0.9995882973171873,Method of providing photofinishing services using recycled digital camera memory devices
9170667,2012,2015,US,US,0.00020597195615182923,0.0,0.9038689123089197,0.43230690127861515,0.004035116868644739,0.9995880560876963,Contextual user interface
10248301,2015,2019,US,US,0.00020597195615182923,0.0,0.9038689123089197,0.43230690127861515,0.004035116868644739,0.9995880560876963,Contextual user interface
10595260,2012,2020,FR,DE,0.0002059768684859022,0.0,0.4873859233900053,0.4410689245890419,0.0008575882567941377,0.9995880462630282,Concept for load balancing in a radio access network
7930343,2008,2011,US,US,0.00020600551166565642,0.0,0.4580571673090658,0.3687873392943809,1.1281788125638738e-05,0.9995879889766687,Scalable user interface system
9489062,2011,2016,US,US,0.00020600619045874443,0.0,0.49693689650465955,0.36852128965776526,0.0005842571896301632,0.9995879876190825,User interfaces for remote management and control of network-connected thermostats
8489669,2007,2013,US,US,0.0002060887349433874,0.0,0.904937617595053,0.493427302840165,0.004168593906176421,0.9995878225301132,Mobile data processing system moving interest radius
9485182,2011,2016,FR,US,0.000206103868039413,0.0,0.4873859233900053,0.41633092466704336,0.000903800234625391,0.9995877922639211,Method for improved load balancing in communication systems
8086965,2007,2011,DE,DE,0.00020612515831993852,0.0,0.5535466552990873,0.40174660339627505,0.0006558338793722295,0.9995877496833602,Method and system for generation of a user interface
6567104,1999,2003,US,US,0.00020622492480557123,0.0,0.48296496450563237,0.41786684537363816,0.0005714538460447109,0.9995875501503888,Time-based dynamic user interface elements
9633114,2011,2017,US,US,0.00020623868285442887,0.0,0.7039867510861061,0.40509286049051313,0.00048106325223630394,0.9995875226342912,Inbox for task management
9306765,2009,2016,FR,US,0.0002062489174230435,0.0,0.4909177364156514,0.42213607309059276,0.00016011306752058895,0.9995875021651539,Access node based targeted information insertion
10708773,2019,2020,US,US,0.0002063778495280327,0.0,0.5062411818578184,0.4540258409468671,0.001511496877758995,0.9995872443009439,On-demand network function re-authentication based on key refresh
10313878,2017,2019,US,US,0.0002063778495280327,0.0,0.5062411818578184,0.4540258409468671,0.001511496877758995,0.9995872443009439,On-demand network function re-authentication based on key refresh
10624005,2013,2020,FI,CN,0.00020642137224426274,0.0,0.4833834258768555,0.4614580091094779,0.0006784631001053468,0.9995871572555115,Method and apparatus for proxy algorithm identity selection
10599293,2017,2020,US,US,0.00020646126719092307,0.0,0.4909177364156514,0.3835379120428497,0.00023726404644053696,0.9995870774656181,Contextual interface for item selection
6061695,1996,2000,US,US,0.00020650369753111018,0.0,0.4915896241723727,0.354509601040119,0.0003098701519570825,0.9995869926049378,Operating system shell having a windowing graphical user interface with a desktop displayed as a hypertext multimedia document
9047445,2009,2015,US,US,0.00020650959818404647,0.0,0.47876556408853527,0.47060469659423987,0.0003173678647419883,0.999586980803632,Memory device and method for updating a security module
7921096,2007,2011,US,US,0.00020653296929949513,0.0,0.7095361975552416,0.4421325211788731,0.0010604085374044774,0.999586934061401,Emergency facility information system and methods
10628775,2015,2020,DE,CA,0.00020658956359692924,0.0,0.7238553884394511,0.3987310910665755,0.002299985377184309,0.9995868208728061,Sankey diagram graphical user interface customization
9870545,2013,2018,US,US,0.00020663655661036916,0.0,0.4580571673090658,0.38905781900503456,6.27838486024242e-05,0.9995867268867793,System and method for providing user interface cards
10554644,2016,2020,US,US,0.00020667603341423298,0.0,0.49407782975040093,0.4290751854219169,0.0005842405079517478,0.9995866479331715,Two-factor authentication for user interface devices in a process plant
9143698,2015,2015,US,GB,0.00020673023879021215,0.0,0.7871437652046263,0.3938035321215411,0.015845526631176093,0.9995865395224196,Systems and methods for lens characterization
9369700,2015,2016,US,GB,0.00020673023879021215,0.0,0.7871437652046263,0.3938035321215411,0.015845526631176093,0.9995865395224196,Systems and methods for lens characterization
8194136,2009,2012,US,GB,0.00020673023879021215,0.0,0.7871437652046263,0.3938035321215411,0.015845526631176093,0.9995865395224196,Systems and methods for lens characterization
8629909,2012,2014,US,GB,0.00020673023879021215,0.0,0.7871437652046263,0.3938035321215411,0.015845526631176093,0.9995865395224196,Systems and methods for lens characterization
8976251,2013,2015,US,GB,0.00020673023879021215,0.0,0.7871437652046263,0.3938035321215411,0.015845526631176093,0.9995865395224196,Systems and methods for lens characterization
10855553,2019,2020,US,IN,0.00020675003699682155,0.0,0.7210212478362019,0.4306980554171332,0.002116920995893261,0.9995864999260063,Visualization of new storage area network devices and connectivity with a topology based map
9473565,2014,2016,US,US,0.0002067640891448273,0.0,0.7210212478362019,0.4893768967636339,0.0021220165021392833,0.9995864718217103,Data transmission for transaction processing in a networked environment
9473561,2013,2016,US,US,0.0002067640891448273,0.0,0.7210212478362019,0.4893768967636339,0.0021220165021392833,0.9995864718217103,Data transmission for transaction processing in a networked environment
9338063,2015,2016,US,US,0.00020677643388963325,0.0,0.5019484708604962,0.44026662854899834,0.0012907037538128282,0.9995864471322208,"Automatic extraction, modeling, and code mapping of application user interface display screens and components"
10602560,2015,2020,SE,SE,0.00020677960989362435,0.0,0.47876556408853527,0.40587404493655327,0.00041533119023248884,0.9995864407802127,"First network node and methods therein, for determining whether a second multi path transmission control protocol connection is to be initiated"
7140014,2002,2006,US,US,0.00020692618366834493,0.0,0.7095361975552416,0.4055454185171044,0.001203012587710098,0.9995861476326633,System and method for providing a flexible framework for remote heterogeneous server management and control
8517252,2008,2013,NL,FR,0.00020695397215651562,0.0,0.4580571673090658,0.42552735848485906,2.9384796025543704e-05,0.9995860920556869,"Method, server and mobile communication device for managing unique memory device identifications"
7996890,2008,2011,US,US,0.00020696588237092753,0.0,0.47330853536642037,0.42662429240312005,1.8265288059679404e-05,0.9995860682352582,System and method for trusted communication
6535913,2001,2003,US,US,0.00020696709070235338,0.0,0.7039867510861061,0.39066049026907324,0.0007453915084103943,0.9995860658185953,Method and apparatus for use of an application state storage system in interacting with on-line services
10877643,2018,2020,US,US,0.00020697760676511806,0.0,0.5497184006724585,0.41691162536967075,0.0006393410863385293,0.9995860447864697,Systems and methods to increase discoverability in user interfaces
8780920,2007,2014,DE,CH,0.0002069883669193555,0.0,0.4873859233900053,0.3600038099742179,0.00012775392753710946,0.9995860232661613,Method for establishing bidirectional data transmission paths in a wireless meshed communication network
9693350,2015,2017,SE,SE,0.0002069893339484873,0.0,0.5081769325796369,0.4571603434125944,0.0029952109376126714,0.9995860213321031,Method and network node for determining channel state information in an upcoming time slot
7412533,2003,2008,US,US,0.00020699822515222186,0.0,0.521552910604306,0.42342588927924124,0.001231240274708255,0.9995860035496955,Providing a presentation on a network having a plurality of synchronized media types
7165060,2001,2007,US,US,0.000207039327913617,0.0,0.7095361975552416,0.4503835537538768,0.0012439955542047974,0.9995859213441728,"Information access, collaboration and integration system and method"
9965141,2014,2018,US,US,0.0002070751624922642,0.0,0.4873859233900053,0.4396140105195013,0.0012562914807754588,0.9995858496750155,Movable selection indicators for region or point selection on a user interface
10268341,2015,2019,US,US,0.0002071450075113109,0.0,0.5117090116101207,0.41230924432992516,0.0004463442527022586,0.9995857099849774,"Devices, methods, and graphical user interfaces for manipulating user interface objects with visual and/or haptic feedback"
